file,line,type,commit,author,date,time,timezone,datetime,depth,length
style.css,1,css,64e134ee,cmlpk,2025-10-08,18:51:24,-07:00,2025-10-08T18:51:24-07:00,0,5
style.css,2,css,64e134ee,cmlpk,2025-10-08,18:51:24,-07:00,2025-10-08T18:51:24-07:00,1,31
style.css,3,css,8abb8a48,cmlpk,2025-10-08,19:05:31,-07:00,2025-10-08T19:05:31-07:00,1,32
style.css,4,css,6e932308,cmlpk,2025-10-17,11:49:41,-07:00,2025-10-17T11:49:41-07:00,1,23
style.css,5,css,64e134ee,cmlpk,2025-10-08,18:51:24,-07:00,2025-10-08T18:51:24-07:00,0,0
style.css,6,css,64e134ee,cmlpk,2025-10-08,18:51:24,-07:00,2025-10-08T18:51:24-07:00,0,0
style.css,7,css,aceddc2f,cmlpk,2025-09-29,20:59:06,-07:00,2025-09-29T20:59:06-07:00,0,4
style.css,8,css,aceddc2f,cmlpk,2025-09-29,20:59:06,-07:00,2025-09-29T20:59:06-07:00,1,23
style.css,9,css,dc21da52,cmlpk,2025-10-08,18:43:37,-07:00,2025-10-08T18:43:37-07:00,1,15
style.css,10,css,dc21da52,cmlpk,2025-10-08,18:43:37,-07:00,2025-10-08T18:43:37-07:00,1,42
style.css,11,css,dc21da52,cmlpk,2025-10-08,18:43:37,-07:00,2025-10-08T18:43:37-07:00,1,17
style.css,12,css,b0885839,cmlpk,2025-09-29,21:04:02,-07:00,2025-09-29T21:04:02-07:00,0,0
style.css,13,css,b0885839,cmlpk,2025-09-29,21:04:02,-07:00,2025-09-29T21:04:02-07:00,0,0
style.css,14,css,64e134ee,cmlpk,2025-10-08,18:51:24,-07:00,2025-10-08T18:51:24-07:00,0,3
style.css,15,css,6e932308,cmlpk,2025-10-17,11:49:41,-07:00,2025-10-17T11:49:41-07:00,1,39
style.css,16,css,64e134ee,cmlpk,2025-10-08,18:51:24,-07:00,2025-10-08T18:51:24-07:00,1,12
style.css,17,css,64e134ee,cmlpk,2025-10-08,18:51:24,-07:00,2025-10-08T18:51:24-07:00,1,28
style.css,18,css,6e932308,cmlpk,2025-10-17,11:49:41,-07:00,2025-10-17T11:49:41-07:00,1,43
style.css,19,css,64e134ee,cmlpk,2025-10-08,18:51:24,-07:00,2025-10-08T18:51:24-07:00,1,20
style.css,20,css,64e134ee,cmlpk,2025-10-08,18:51:24,-07:00,2025-10-08T18:51:24-07:00,1,20
style.css,21,css,42534cb6,cmlpk,2025-10-08,18:58:39,-07:00,2025-10-08T18:58:39-07:00,0,0
style.css,22,css,64e134ee,cmlpk,2025-10-08,18:51:24,-07:00,2025-10-08T18:51:24-07:00,0,0
style.css,23,css,64e134ee,cmlpk,2025-10-08,18:51:24,-07:00,2025-10-08T18:51:24-07:00,0,5
style.css,24,css,64e134ee,cmlpk,2025-10-08,18:51:24,-07:00,2025-10-08T18:51:24-07:00,1,6
style.css,25,css,64e134ee,cmlpk,2025-10-08,18:51:24,-07:00,2025-10-08T18:51:24-07:00,1,17
style.css,26,css,64e134ee,cmlpk,2025-10-08,18:51:24,-07:00,2025-10-08T18:51:24-07:00,1,20
style.css,27,css,64e134ee,cmlpk,2025-10-08,18:51:24,-07:00,2025-10-08T18:51:24-07:00,1,13
style.css,28,css,64e134ee,cmlpk,2025-10-08,18:51:24,-07:00,2025-10-08T18:51:24-07:00,1,13
style.css,29,css,64e134ee,cmlpk,2025-10-08,18:51:24,-07:00,2025-10-08T18:51:24-07:00,0,0
style.css,30,css,64e134ee,cmlpk,2025-10-08,18:51:24,-07:00,2025-10-08T18:51:24-07:00,0,0
style.css,31,css,64e134ee,cmlpk,2025-10-08,18:51:24,-07:00,2025-10-08T18:51:24-07:00,0,11
style.css,32,css,64e134ee,cmlpk,2025-10-08,18:51:24,-07:00,2025-10-08T18:51:24-07:00,1,45
style.css,33,css,6e932308,cmlpk,2025-10-17,11:49:41,-07:00,2025-10-17T11:49:41-07:00,1,69
style.css,34,css,8abb8a48,cmlpk,2025-10-08,19:05:31,-07:00,2025-10-08T19:05:31-07:00,1,20
style.css,35,css,64e134ee,cmlpk,2025-10-08,18:51:24,-07:00,2025-10-08T18:51:24-07:00,0,0
style.css,36,css,64e134ee,cmlpk,2025-10-08,18:51:24,-07:00,2025-10-08T18:51:24-07:00,0,0
style.css,37,css,64e134ee,cmlpk,2025-10-08,18:51:24,-07:00,2025-10-08T18:51:24-07:00,0,13
style.css,38,css,6e932308,cmlpk,2025-10-17,11:49:41,-07:00,2025-10-17T11:49:41-07:00,1,45
style.css,39,css,64e134ee,cmlpk,2025-10-08,18:51:24,-07:00,2025-10-08T18:51:24-07:00,1,20
style.css,40,css,e15462b1,cmlpk,2025-10-08,19:09:19,-07:00,2025-10-08T19:09:19-07:00,1,16
style.css,41,css,64e134ee,cmlpk,2025-10-08,18:51:24,-07:00,2025-10-08T18:51:24-07:00,0,0
style.css,42,css,64e134ee,cmlpk,2025-10-08,18:51:24,-07:00,2025-10-08T18:51:24-07:00,0,0
style.css,43,css,6e932308,cmlpk,2025-10-17,11:49:41,-07:00,2025-10-17T11:49:41-07:00,0,13
style.css,44,css,6e932308,cmlpk,2025-10-17,11:49:41,-07:00,2025-10-17T11:49:41-07:00,1,17
style.css,45,css,6e932308,cmlpk,2025-10-17,11:49:41,-07:00,2025-10-17T11:49:41-07:00,1,8
style.css,46,css,6e932308,cmlpk,2025-10-17,11:49:41,-07:00,2025-10-17T11:49:41-07:00,1,10
style.css,47,css,6e932308,cmlpk,2025-10-17,11:49:41,-07:00,2025-10-17T11:49:41-07:00,1,13
style.css,48,css,6e932308,cmlpk,2025-10-17,11:49:41,-07:00,2025-10-17T11:49:41-07:00,0,0
style.css,49,css,6e932308,cmlpk,2025-10-17,11:49:41,-07:00,2025-10-17T11:49:41-07:00,0,0
style.css,50,css,b0885839,cmlpk,2025-09-29,21:04:02,-07:00,2025-09-29T21:04:02-07:00,0,3
style.css,51,css,83592f40,cmlpk,2025-09-29,21:06:12,-07:00,2025-09-29T21:06:12-07:00,1,15
style.css,52,css,437c11b4,cmlpk,2025-10-08,19:56:16,-07:00,2025-10-08T19:56:16-07:00,1,13
style.css,53,css,64e134ee,cmlpk,2025-10-08,18:51:24,-07:00,2025-10-08T18:51:24-07:00,1,10
style.css,54,css,b0885839,cmlpk,2025-09-29,21:04:02,-07:00,2025-09-29T21:04:02-07:00,1,11
style.css,55,css,83592f40,cmlpk,2025-09-29,21:06:12,-07:00,2025-09-29T21:06:12-07:00,1,13
style.css,56,css,64e134ee,cmlpk,2025-10-08,18:51:24,-07:00,2025-10-08T18:51:24-07:00,0,0
style.css,57,css,eb6abcb1,cmlpk,2025-10-08,19:12:57,-07:00,2025-10-08T19:12:57-07:00,0,0
style.css,58,css,6e932308,cmlpk,2025-10-17,11:49:41,-07:00,2025-10-17T11:49:41-07:00,0,31
style.css,59,css,eb6abcb1,cmlpk,2025-10-08,19:12:57,-07:00,2025-10-08T19:12:57-07:00,1,12
style.css,60,css,eb6abcb1,cmlpk,2025-10-08,19:12:57,-07:00,2025-10-08T19:12:57-07:00,0,0
style.css,61,css,eb6abcb1,cmlpk,2025-10-08,19:12:57,-07:00,2025-10-08T19:12:57-07:00,0,0
style.css,62,css,eb6abcb1,cmlpk,2025-10-08,19:12:57,-07:00,2025-10-08T19:12:57-07:00,0,4
style.css,63,css,eb6abcb1,cmlpk,2025-10-08,19:12:57,-07:00,2025-10-08T19:12:57-07:00,1,12
style.css,64,css,eb6abcb1,cmlpk,2025-10-08,19:12:57,-07:00,2025-10-08T19:12:57-07:00,1,30
style.css,65,css,eb6abcb1,cmlpk,2025-10-08,19:12:57,-07:00,2025-10-08T19:12:57-07:00,1,7
style.css,66,css,eb6abcb1,cmlpk,2025-10-08,19:12:57,-07:00,2025-10-08T19:12:57-07:00,0,0
style.css,67,css,eb6abcb1,cmlpk,2025-10-08,19:12:57,-07:00,2025-10-08T19:12:57-07:00,0,0
style.css,68,css,eb6abcb1,cmlpk,2025-10-08,19:12:57,-07:00,2025-10-08T19:12:57-07:00,0,5
style.css,69,css,eb6abcb1,cmlpk,2025-10-08,19:12:57,-07:00,2025-10-08T19:12:57-07:00,1,12
style.css,70,css,eb6abcb1,cmlpk,2025-10-08,19:12:57,-07:00,2025-10-08T19:12:57-07:00,1,29
style.css,71,css,eb6abcb1,cmlpk,2025-10-08,19:12:57,-07:00,2025-10-08T19:12:57-07:00,1,18
style.css,72,css,eb6abcb1,cmlpk,2025-10-08,19:12:57,-07:00,2025-10-08T19:12:57-07:00,0,0
style.css,73,css,eb6abcb1,cmlpk,2025-10-08,19:12:57,-07:00,2025-10-08T19:12:57-07:00,0,0
style.css,74,css,eb6abcb1,cmlpk,2025-10-08,19:12:57,-07:00,2025-10-08T19:12:57-07:00,0,21
style.css,75,css,eb6abcb1,cmlpk,2025-10-08,19:12:57,-07:00,2025-10-08T19:12:57-07:00,1,18
style.css,76,css,c3d0a681,cmlpk,2025-10-08,19:49:08,-07:00,2025-10-08T19:49:08-07:00,0,0
style.css,77,css,c3d0a681,cmlpk,2025-10-08,19:49:08,-07:00,2025-10-08T19:49:08-07:00,0,0
style.css,78,css,c3d0a681,cmlpk,2025-10-08,19:49:08,-07:00,2025-10-08T19:49:08-07:00,0,22
style.css,79,css,c3d0a681,cmlpk,2025-10-08,19:49:08,-07:00,2025-10-08T19:49:08-07:00,1,15
style.css,80,css,c3d0a681,cmlpk,2025-10-08,19:49:08,-07:00,2025-10-08T19:49:08-07:00,1,17
style.css,81,css,c3d0a681,cmlpk,2025-10-08,19:49:08,-07:00,2025-10-08T19:49:08-07:00,0,0
style.css,82,css,c3d0a681,cmlpk,2025-10-08,19:49:08,-07:00,2025-10-08T19:49:08-07:00,0,0
style.css,83,css,c3d0a681,cmlpk,2025-10-08,19:49:08,-07:00,2025-10-08T19:49:08-07:00,0,2
style.css,84,css,c3d0a681,cmlpk,2025-10-08,19:49:08,-07:00,2025-10-08T19:49:08-07:00,1,14
style.css,85,css,1d03e192,cmlpk,2025-10-08,20:07:44,-07:00,2025-10-08T20:07:44-07:00,1,20
style.css,86,css,c3d0a681,cmlpk,2025-10-08,19:49:08,-07:00,2025-10-08T19:49:08-07:00,0,0
style.css,87,css,c3d0a681,cmlpk,2025-10-08,19:49:08,-07:00,2025-10-08T19:49:08-07:00,0,0
style.css,88,css,c3d0a681,cmlpk,2025-10-08,19:49:08,-07:00,2025-10-08T19:49:08-07:00,0,2
style.css,89,css,c3d0a681,cmlpk,2025-10-08,19:49:08,-07:00,2025-10-08T19:49:08-07:00,1,8
style.css,90,css,1d03e192,cmlpk,2025-10-08,20:07:44,-07:00,2025-10-08T20:07:44-07:00,1,14
style.css,91,css,1d03e192,cmlpk,2025-10-08,20:07:44,-07:00,2025-10-08T20:07:44-07:00,1,22
style.css,92,css,1d03e192,cmlpk,2025-10-08,20:07:44,-07:00,2025-10-08T20:07:44-07:00,1,43
style.css,93,css,1d03e192,cmlpk,2025-10-08,20:07:44,-07:00,2025-10-08T20:07:44-07:00,1,21
style.css,94,css,1d03e192,cmlpk,2025-10-08,20:07:44,-07:00,2025-10-08T20:07:44-07:00,1,17
style.css,95,css,1d03e192,cmlpk,2025-10-08,20:07:44,-07:00,2025-10-08T20:07:44-07:00,1,14
style.css,96,css,1d03e192,cmlpk,2025-10-08,20:07:44,-07:00,2025-10-08T20:07:44-07:00,0,0
style.css,97,css,1d03e192,cmlpk,2025-10-08,20:07:44,-07:00,2025-10-08T20:07:44-07:00,0,0
style.css,98,css,1d03e192,cmlpk,2025-10-08,20:07:44,-07:00,2025-10-08T20:07:44-07:00,0,8
style.css,99,css,1d03e192,cmlpk,2025-10-08,20:07:44,-07:00,2025-10-08T20:07:44-07:00,1,17
style.css,100,css,1d03e192,cmlpk,2025-10-08,20:07:44,-07:00,2025-10-08T20:07:44-07:00,1,23
style.css,101,css,1d03e192,cmlpk,2025-10-08,20:07:44,-07:00,2025-10-08T20:07:44-07:00,1,17
style.css,102,css,1d03e192,cmlpk,2025-10-08,20:07:44,-07:00,2025-10-08T20:07:44-07:00,1,13
style.css,103,css,1d03e192,cmlpk,2025-10-08,20:07:44,-07:00,2025-10-08T20:07:44-07:00,0,0
style.css,104,css,1d03e192,cmlpk,2025-10-08,20:07:44,-07:00,2025-10-08T20:07:44-07:00,0,0
style.css,105,css,1d03e192,cmlpk,2025-10-08,20:07:44,-07:00,2025-10-08T20:07:44-07:00,0,7
style.css,106,css,1d03e192,cmlpk,2025-10-08,20:07:44,-07:00,2025-10-08T20:07:44-07:00,1,19
style.css,107,css,1d03e192,cmlpk,2025-10-08,20:07:44,-07:00,2025-10-08T20:07:44-07:00,0,0
style.css,108,css,1d03e192,cmlpk,2025-10-08,20:07:44,-07:00,2025-10-08T20:07:44-07:00,0,0
style.css,109,css,1d03e192,cmlpk,2025-10-08,20:07:44,-07:00,2025-10-08T20:07:44-07:00,0,24
style.css,110,css,1d03e192,cmlpk,2025-10-08,20:07:44,-07:00,2025-10-08T20:07:44-07:00,1,12
style.css,111,css,1d03e192,cmlpk,2025-10-08,20:07:44,-07:00,2025-10-08T20:07:44-07:00,0,0
style.css,112,css,1d03e192,cmlpk,2025-10-08,20:07:44,-07:00,2025-10-08T20:07:44-07:00,0,0
style.css,113,css,1d03e192,cmlpk,2025-10-08,20:07:44,-07:00,2025-10-08T20:07:44-07:00,0,7
style.css,114,css,1d03e192,cmlpk,2025-10-08,20:07:44,-07:00,2025-10-08T20:07:44-07:00,1,17
style.css,115,css,1d03e192,cmlpk,2025-10-08,20:07:44,-07:00,2025-10-08T20:07:44-07:00,1,17
style.css,116,css,1d03e192,cmlpk,2025-10-08,20:07:44,-07:00,2025-10-08T20:07:44-07:00,1,16
style.css,117,css,1d03e192,cmlpk,2025-10-08,20:07:44,-07:00,2025-10-08T20:07:44-07:00,1,39
style.css,118,css,1d03e192,cmlpk,2025-10-08,20:07:44,-07:00,2025-10-08T20:07:44-07:00,0,0
style.css,119,css,1d03e192,cmlpk,2025-10-08,20:07:44,-07:00,2025-10-08T20:07:44-07:00,0,0
style.css,120,css,1d03e192,cmlpk,2025-10-08,20:07:44,-07:00,2025-10-08T20:07:44-07:00,0,13
style.css,121,css,1d03e192,cmlpk,2025-10-08,20:07:44,-07:00,2025-10-08T20:07:44-07:00,1,37
style.css,122,css,1d03e192,cmlpk,2025-10-08,20:07:44,-07:00,2025-10-08T20:07:44-07:00,0,0
style.css,123,css,1d03e192,cmlpk,2025-10-08,20:07:44,-07:00,2025-10-08T20:07:44-07:00,0,0
style.css,124,css,1d03e192,cmlpk,2025-10-08,20:07:44,-07:00,2025-10-08T20:07:44-07:00,0,10
style.css,125,css,1d03e192,cmlpk,2025-10-08,20:07:44,-07:00,2025-10-08T20:07:44-07:00,1,14
style.css,126,css,1d03e192,cmlpk,2025-10-08,20:07:44,-07:00,2025-10-08T20:07:44-07:00,1,20
style.css,127,css,1d03e192,cmlpk,2025-10-08,20:07:44,-07:00,2025-10-08T20:07:44-07:00,1,22
style.css,128,css,1d03e192,cmlpk,2025-10-08,20:07:44,-07:00,2025-10-08T20:07:44-07:00,0,0
style.css,129,css,1d03e192,cmlpk,2025-10-08,20:07:44,-07:00,2025-10-08T20:07:44-07:00,0,0
style.css,130,css,1d03e192,cmlpk,2025-10-08,20:07:44,-07:00,2025-10-08T20:07:44-07:00,0,12
style.css,131,css,1d03e192,cmlpk,2025-10-08,20:07:44,-07:00,2025-10-08T20:07:44-07:00,1,13
style.css,132,css,1d03e192,cmlpk,2025-10-08,20:07:44,-07:00,2025-10-08T20:07:44-07:00,1,13
style.css,133,css,1d03e192,cmlpk,2025-10-08,20:07:44,-07:00,2025-10-08T20:07:44-07:00,1,24
style.css,134,css,1d03e192,cmlpk,2025-10-08,20:07:44,-07:00,2025-10-08T20:07:44-07:00,1,17
style.css,135,css,1d03e192,cmlpk,2025-10-08,20:07:44,-07:00,2025-10-08T20:07:44-07:00,1,19
style.css,136,css,1d03e192,cmlpk,2025-10-08,20:07:44,-07:00,2025-10-08T20:07:44-07:00,0,0
style.css,137,css,1d03e192,cmlpk,2025-10-08,20:07:44,-07:00,2025-10-08T20:07:44-07:00,0,0
style.css,138,css,1d03e192,cmlpk,2025-10-08,20:07:44,-07:00,2025-10-08T20:07:44-07:00,0,9
style.css,139,css,1d03e192,cmlpk,2025-10-08,20:07:44,-07:00,2025-10-08T20:07:44-07:00,1,15
style.css,140,css,1d03e192,cmlpk,2025-10-08,20:07:44,-07:00,2025-10-08T20:07:44-07:00,1,24
style.css,141,css,1d03e192,cmlpk,2025-10-08,20:07:44,-07:00,2025-10-08T20:07:44-07:00,0,0
style.css,142,css,1d03e192,cmlpk,2025-10-08,20:07:44,-07:00,2025-10-08T20:07:44-07:00,0,0
style.css,143,css,1d03e192,cmlpk,2025-10-08,20:07:44,-07:00,2025-10-08T20:07:44-07:00,0,10
style.css,144,css,1d03e192,cmlpk,2025-10-08,20:07:44,-07:00,2025-10-08T20:07:44-07:00,1,16
style.css,145,css,1d03e192,cmlpk,2025-10-08,20:07:44,-07:00,2025-10-08T20:07:44-07:00,1,18
style.css,146,css,1d03e192,cmlpk,2025-10-08,20:07:44,-07:00,2025-10-08T20:07:44-07:00,0,0
style.css,147,css,1d03e192,cmlpk,2025-10-08,20:07:44,-07:00,2025-10-08T20:07:44-07:00,0,0
style.css,148,css,1d03e192,cmlpk,2025-10-08,20:07:44,-07:00,2025-10-08T20:07:44-07:00,0,13
style.css,149,css,1d03e192,cmlpk,2025-10-08,20:07:44,-07:00,2025-10-08T20:07:44-07:00,1,19
style.css,150,css,1d03e192,cmlpk,2025-10-08,20:07:44,-07:00,2025-10-08T20:07:44-07:00,0,0
style.css,151,css,1d03e192,cmlpk,2025-10-08,20:07:44,-07:00,2025-10-08T20:07:44-07:00,0,0
style.css,152,css,1d03e192,cmlpk,2025-10-08,20:07:44,-07:00,2025-10-08T20:07:44-07:00,0,23
style.css,153,css,1d03e192,cmlpk,2025-10-08,20:07:44,-07:00,2025-10-08T20:07:44-07:00,1,15
style.css,154,css,1d03e192,cmlpk,2025-10-08,20:07:44,-07:00,2025-10-08T20:07:44-07:00,1,14
style.css,155,css,1d03e192,cmlpk,2025-10-08,20:07:44,-07:00,2025-10-08T20:07:44-07:00,0,0
style.css,156,css,1d03e192,cmlpk,2025-10-08,20:07:44,-07:00,2025-10-08T20:07:44-07:00,0,0
style.css,157,css,1d03e192,cmlpk,2025-10-08,20:07:44,-07:00,2025-10-08T20:07:44-07:00,0,26
style.css,158,css,1d03e192,cmlpk,2025-10-08,20:07:44,-07:00,2025-10-08T20:07:44-07:00,1,15
style.css,159,css,1d03e192,cmlpk,2025-10-08,20:07:44,-07:00,2025-10-08T20:07:44-07:00,1,41
style.css,160,css,1d03e192,cmlpk,2025-10-08,20:07:44,-07:00,2025-10-08T20:07:44-07:00,0,0
style.css,161,css,1d03e192,cmlpk,2025-10-08,20:07:44,-07:00,2025-10-08T20:07:44-07:00,0,0
style.css,162,css,1d03e192,cmlpk,2025-10-08,20:07:44,-07:00,2025-10-08T20:07:44-07:00,0,37
style.css,163,css,1d03e192,cmlpk,2025-10-08,20:07:44,-07:00,2025-10-08T20:07:44-07:00,1,18
style.css,164,css,c3d0a681,cmlpk,2025-10-08,19:49:08,-07:00,2025-10-08T19:49:08-07:00,0,0
style.css,165,css,c3d0a681,cmlpk,2025-10-08,19:49:08,-07:00,2025-10-08T19:49:08-07:00,0,0
style.css,166,css,c3d0a681,cmlpk,2025-10-08,19:49:08,-07:00,2025-10-08T19:49:08-07:00,0,9
style.css,167,css,c3d0a681,cmlpk,2025-10-08,19:49:08,-07:00,2025-10-08T19:49:08-07:00,1,12
style.css,168,css,c3d0a681,cmlpk,2025-10-08,19:49:08,-07:00,2025-10-08T19:49:08-07:00,1,58
style.css,169,css,c3d0a681,cmlpk,2025-10-08,19:49:08,-07:00,2025-10-08T19:49:08-07:00,1,7
style.css,170,css,c3d0a681,cmlpk,2025-10-08,19:49:08,-07:00,2025-10-08T19:49:08-07:00,0,0
style.css,171,css,c3d0a681,cmlpk,2025-10-08,19:49:08,-07:00,2025-10-08T19:49:08-07:00,0,0
style.css,172,css,c3d0a681,cmlpk,2025-10-08,19:49:08,-07:00,2025-10-08T19:49:08-07:00,0,17
style.css,173,css,437c11b4,cmlpk,2025-10-08,19:56:16,-07:00,2025-10-08T19:56:16-07:00,1,12
style.css,174,css,437c11b4,cmlpk,2025-10-08,19:56:16,-07:00,2025-10-08T19:56:16-07:00,1,21
style.css,175,css,1d03e192,cmlpk,2025-10-08,20:07:44,-07:00,2025-10-08T20:07:44-07:00,1,16
style.css,176,css,1d03e192,cmlpk,2025-10-08,20:07:44,-07:00,2025-10-08T20:07:44-07:00,1,14
style.css,177,css,1d03e192,cmlpk,2025-10-08,20:07:44,-07:00,2025-10-08T20:07:44-07:00,0,0
style.css,178,css,1d03e192,cmlpk,2025-10-08,20:07:44,-07:00,2025-10-08T20:07:44-07:00,0,0
style.css,179,css,1d03e192,cmlpk,2025-10-08,20:07:44,-07:00,2025-10-08T20:07:44-07:00,0,12
style.css,180,css,1d03e192,cmlpk,2025-10-08,20:07:44,-07:00,2025-10-08T20:07:44-07:00,1,4
style.css,181,css,1d03e192,cmlpk,2025-10-08,20:07:44,-07:00,2025-10-08T20:07:44-07:00,2,8
style.css,182,css,1d03e192,cmlpk,2025-10-08,20:07:44,-07:00,2025-10-08T20:07:44-07:00,2,14
style.css,183,css,1d03e192,cmlpk,2025-10-08,20:07:44,-07:00,2025-10-08T20:07:44-07:00,1,0
style.css,184,css,1d03e192,cmlpk,2025-10-08,20:07:44,-07:00,2025-10-08T20:07:44-07:00,1,0
style.css,185,css,1d03e192,cmlpk,2025-10-08,20:07:44,-07:00,2025-10-08T20:07:44-07:00,1,3
style.css,186,css,1d03e192,cmlpk,2025-10-08,20:07:44,-07:00,2025-10-08T20:07:44-07:00,2,12
style.css,187,css,1d03e192,cmlpk,2025-10-08,20:07:44,-07:00,2025-10-08T20:07:44-07:00,1,0
style.css,188,css,1d03e192,cmlpk,2025-10-08,20:07:44,-07:00,2025-10-08T20:07:44-07:00,1,0
style.css,189,css,1d03e192,cmlpk,2025-10-08,20:07:44,-07:00,2025-10-08T20:07:44-07:00,1,2
style.css,190,css,1d03e192,cmlpk,2025-10-08,20:07:44,-07:00,2025-10-08T20:07:44-07:00,2,14
style.css,191,css,1d03e192,cmlpk,2025-10-08,20:07:44,-07:00,2025-10-08T20:07:44-07:00,1,0
style.css,192,css,1d03e192,cmlpk,2025-10-08,20:07:44,-07:00,2025-10-08T20:07:44-07:00,1,0
style.css,193,css,1d03e192,cmlpk,2025-10-08,20:07:44,-07:00,2025-10-08T20:07:44-07:00,1,2
style.css,194,css,1d03e192,cmlpk,2025-10-08,20:07:44,-07:00,2025-10-08T20:07:44-07:00,2,14
style.css,195,css,1d03e192,cmlpk,2025-10-08,20:07:44,-07:00,2025-10-08T20:07:44-07:00,2,22
style.css,196,css,1d03e192,cmlpk,2025-10-08,20:07:44,-07:00,2025-10-08T20:07:44-07:00,1,0
style.css,197,css,1d03e192,cmlpk,2025-10-08,20:07:44,-07:00,2025-10-08T20:07:44-07:00,1,0
style.css,198,css,1d03e192,cmlpk,2025-10-08,20:07:44,-07:00,2025-10-08T20:07:44-07:00,1,7
style.css,199,css,1d03e192,cmlpk,2025-10-08,20:07:44,-07:00,2025-10-08T20:07:44-07:00,2,23
style.css,200,css,1d03e192,cmlpk,2025-10-08,20:07:44,-07:00,2025-10-08T20:07:44-07:00,1,0
style.css,201,css,39604f83,cmlpk,2025-10-20,16:40:02,-07:00,2025-10-20T16:40:02-07:00,0,0
style.css,202,css,39604f83,cmlpk,2025-10-20,16:40:02,-07:00,2025-10-20T16:40:02-07:00,0,0
style.css,203,css,39604f83,cmlpk,2025-10-20,16:40:02,-07:00,2025-10-20T16:40:02-07:00,0,17
style.css,204,css,39604f83,cmlpk,2025-10-20,16:40:02,-07:00,2025-10-20T16:40:02-07:00,1,12
style.css,205,css,39604f83,cmlpk,2025-10-20,16:40:02,-07:00,2025-10-20T16:40:02-07:00,1,36
style.css,206,css,39604f83,cmlpk,2025-10-20,16:40:02,-07:00,2025-10-20T16:40:02-07:00,1,7
style.css,207,css,39604f83,cmlpk,2025-10-20,16:40:02,-07:00,2025-10-20T16:40:02-07:00,1,12
style.css,208,css,39604f83,cmlpk,2025-10-20,16:40:02,-07:00,2025-10-20T16:40:02-07:00,0,0
style.css,209,css,39604f83,cmlpk,2025-10-20,16:40:02,-07:00,2025-10-20T16:40:02-07:00,0,0
style.css,210,css,39604f83,cmlpk,2025-10-20,16:40:02,-07:00,2025-10-20T16:40:02-07:00,0,17
style.css,211,css,39604f83,cmlpk,2025-10-20,16:40:02,-07:00,2025-10-20T16:40:02-07:00,1,10
style.css,212,css,39604f83,cmlpk,2025-10-20,16:40:02,-07:00,2025-10-20T16:40:02-07:00,1,16
style.css,213,css,39604f83,cmlpk,2025-10-20,16:40:02,-07:00,2025-10-20T16:40:02-07:00,0,0
style.css,214,css,39604f83,cmlpk,2025-10-20,16:40:02,-07:00,2025-10-20T16:40:02-07:00,0,0
style.css,215,css,39604f83,cmlpk,2025-10-20,16:40:02,-07:00,2025-10-20T16:40:02-07:00,0,17
style.css,216,css,39604f83,cmlpk,2025-10-20,16:40:02,-07:00,2025-10-20T16:40:02-07:00,1,10
style.css,217,css,39604f83,cmlpk,2025-10-20,16:40:02,-07:00,2025-10-20T16:40:02-07:00,1,8
style.css,218,css,39604f83,cmlpk,2025-10-20,16:40:02,-07:00,2025-10-20T16:40:02-07:00,1,17
style.css,219,css,62f5c8dd,cmlpk,2025-10-31,13:46:45,-07:00,2025-10-31T13:46:45-07:00,0,0
style.css,220,css,62f5c8dd,cmlpk,2025-10-31,13:46:45,-07:00,2025-10-31T13:46:45-07:00,0,0
style.css,221,css,62f5c8dd,cmlpk,2025-10-31,13:46:45,-07:00,2025-10-31T13:46:45-07:00,0,0
style.css,222,css,62f5c8dd,cmlpk,2025-10-31,13:46:45,-07:00,2025-10-31T13:46:45-07:00,0,22
style.css,223,css,62f5c8dd,cmlpk,2025-10-31,13:46:45,-07:00,2025-10-31T13:46:45-07:00,0,10
style.css,224,css,62f5c8dd,cmlpk,2025-10-31,13:46:45,-07:00,2025-10-31T13:46:45-07:00,1,10
style.css,225,css,62f5c8dd,cmlpk,2025-10-31,13:46:45,-07:00,2025-10-31T13:46:45-07:00,1,14
style.css,226,css,62f5c8dd,cmlpk,2025-10-31,13:46:45,-07:00,2025-10-31T13:46:45-07:00,1,17
style.css,227,css,62f5c8dd,cmlpk,2025-10-31,13:46:45,-07:00,2025-10-31T13:46:45-07:00,1,34
style.css,228,css,62f5c8dd,cmlpk,2025-10-31,13:46:45,-07:00,2025-10-31T13:46:45-07:00,1,19
style.css,229,css,62f5c8dd,cmlpk,2025-10-31,13:46:45,-07:00,2025-10-31T13:46:45-07:00,1,14
style.css,230,css,62f5c8dd,cmlpk,2025-10-31,13:46:45,-07:00,2025-10-31T13:46:45-07:00,0,0
style.css,231,css,62f5c8dd,cmlpk,2025-10-31,13:46:45,-07:00,2025-10-31T13:46:45-07:00,0,0
style.css,232,css,62f5c8dd,cmlpk,2025-10-31,13:46:45,-07:00,2025-10-31T13:46:45-07:00,0,16
style.css,233,css,62f5c8dd,cmlpk,2025-10-31,13:46:45,-07:00,2025-10-31T13:46:45-07:00,1,12
style.css,234,css,62f5c8dd,cmlpk,2025-10-31,13:46:45,-07:00,2025-10-31T13:46:45-07:00,1,32
style.css,235,css,62f5c8dd,cmlpk,2025-10-31,13:46:45,-07:00,2025-10-31T13:46:45-07:00,0,0
style.css,236,css,62f5c8dd,cmlpk,2025-10-31,13:46:45,-07:00,2025-10-31T13:46:45-07:00,0,0
style.css,237,css,62f5c8dd,cmlpk,2025-10-31,13:46:45,-07:00,2025-10-31T13:46:45-07:00,0,38
style.css,238,css,62f5c8dd,cmlpk,2025-10-31,13:46:45,-07:00,2025-10-31T13:46:45-07:00,0,10
style.css,239,css,62f5c8dd,cmlpk,2025-10-31,13:46:45,-07:00,2025-10-31T13:46:45-07:00,1,12
style.css,240,css,62f5c8dd,cmlpk,2025-10-31,13:46:45,-07:00,2025-10-31T13:46:45-07:00,1,7
style.css,241,css,62f5c8dd,cmlpk,2025-10-31,13:46:45,-07:00,2025-10-31T13:46:45-07:00,1,22
style.css,242,css,62f5c8dd,cmlpk,2025-10-31,13:46:45,-07:00,2025-10-31T13:46:45-07:00,1,17
style.css,243,css,62f5c8dd,cmlpk,2025-10-31,13:46:45,-07:00,2025-10-31T13:46:45-07:00,0,0
style.css,244,css,62f5c8dd,cmlpk,2025-10-31,13:46:45,-07:00,2025-10-31T13:46:45-07:00,0,0
style.css,245,css,62f5c8dd,cmlpk,2025-10-31,13:46:45,-07:00,2025-10-31T13:46:45-07:00,0,25
style.css,246,css,62f5c8dd,cmlpk,2025-10-31,13:46:45,-07:00,2025-10-31T13:46:45-07:00,0,18
style.css,247,css,62f5c8dd,cmlpk,2025-10-31,13:46:45,-07:00,2025-10-31T13:46:45-07:00,1,14
style.css,248,css,62f5c8dd,cmlpk,2025-10-31,13:46:45,-07:00,2025-10-31T13:46:45-07:00,1,16
style.css,249,css,62f5c8dd,cmlpk,2025-10-31,13:46:45,-07:00,2025-10-31T13:46:45-07:00,1,16
style.css,250,css,62f5c8dd,cmlpk,2025-10-31,13:46:45,-07:00,2025-10-31T13:46:45-07:00,0,0
style.css,251,css,62f5c8dd,cmlpk,2025-10-31,13:46:45,-07:00,2025-10-31T13:46:45-07:00,0,0
style.css,252,css,62f5c8dd,cmlpk,2025-10-31,13:46:45,-07:00,2025-10-31T13:46:45-07:00,0,23
style.css,253,css,62f5c8dd,cmlpk,2025-10-31,13:46:45,-07:00,2025-10-31T13:46:45-07:00,1,14
style.css,254,css,62f5c8dd,cmlpk,2025-10-31,13:46:45,-07:00,2025-10-31T13:46:45-07:00,1,16
style.css,255,css,62f5c8dd,cmlpk,2025-10-31,13:46:45,-07:00,2025-10-31T13:46:45-07:00,0,0
style.css,256,css,62f5c8dd,cmlpk,2025-10-31,13:46:45,-07:00,2025-10-31T13:46:45-07:00,0,0
style.css,257,css,62f5c8dd,cmlpk,2025-10-31,13:46:45,-07:00,2025-10-31T13:46:45-07:00,0,26
style.css,258,css,62f5c8dd,cmlpk,2025-10-31,13:46:45,-07:00,2025-10-31T13:46:45-07:00,0,51
style.css,259,css,62f5c8dd,cmlpk,2025-10-31,13:46:45,-07:00,2025-10-31T13:46:45-07:00,1,11
style.css,260,css,62f5c8dd,cmlpk,2025-10-31,13:46:45,-07:00,2025-10-31T13:46:45-07:00,0,0
style.css,261,css,62f5c8dd,cmlpk,2025-10-31,13:46:45,-07:00,2025-10-31T13:46:45-07:00,0,0
style.css,262,css,62f5c8dd,cmlpk,2025-10-31,13:46:45,-07:00,2025-10-31T13:46:45-07:00,0,26
style.css,263,css,62f5c8dd,cmlpk,2025-10-31,13:46:45,-07:00,2025-10-31T13:46:45-07:00,0,9
style.css,264,css,62f5c8dd,cmlpk,2025-10-31,13:46:45,-07:00,2025-10-31T13:46:45-07:00,1,35
style.css,265,css,62f5c8dd,cmlpk,2025-10-31,13:46:45,-07:00,2025-10-31T13:46:45-07:00,0,0
style.css,266,css,62f5c8dd,cmlpk,2025-10-31,13:46:45,-07:00,2025-10-31T13:46:45-07:00,0,0
style.css,267,css,62f5c8dd,cmlpk,2025-10-31,13:46:45,-07:00,2025-10-31T13:46:45-07:00,0,18
style.css,268,css,62f5c8dd,cmlpk,2025-10-31,13:46:45,-07:00,2025-10-31T13:46:45-07:00,1,17
style.css,269,css,62f5c8dd,cmlpk,2025-10-31,13:46:45,-07:00,2025-10-31T13:46:45-07:00,0,0
style.css,270,css,62f5c8dd,cmlpk,2025-10-31,13:46:45,-07:00,2025-10-31T13:46:45-07:00,0,0
style.css,271,css,62f5c8dd,cmlpk,2025-10-31,13:46:45,-07:00,2025-10-31T13:46:45-07:00,0,18
style.css,272,css,62f5c8dd,cmlpk,2025-10-31,13:46:45,-07:00,2025-10-31T13:46:45-07:00,0,7
style.css,273,css,62f5c8dd,cmlpk,2025-10-31,13:46:45,-07:00,2025-10-31T13:46:45-07:00,1,6
style.css,274,css,62f5c8dd,cmlpk,2025-10-31,13:46:45,-07:00,2025-10-31T13:46:45-07:00,1,15
style.css,275,css,62f5c8dd,cmlpk,2025-10-31,13:46:45,-07:00,2025-10-31T13:46:45-07:00,1,11
style.css,276,css,62f5c8dd,cmlpk,2025-10-31,13:46:45,-07:00,2025-10-31T13:46:45-07:00,1,8
style.css,277,css,62f5c8dd,cmlpk,2025-10-31,13:46:45,-07:00,2025-10-31T13:46:45-07:00,1,34
style.css,278,css,62f5c8dd,cmlpk,2025-10-31,13:46:45,-07:00,2025-10-31T13:46:45-07:00,1,19
style.css,279,css,62f5c8dd,cmlpk,2025-10-31,13:46:45,-07:00,2025-10-31T13:46:45-07:00,1,12
style.css,280,css,62f5c8dd,cmlpk,2025-10-31,13:46:45,-07:00,2025-10-31T13:46:45-07:00,1,57
style.css,281,css,62f5c8dd,cmlpk,2025-10-31,13:46:45,-07:00,2025-10-31T13:46:45-07:00,1,7
style.css,282,css,62f5c8dd,cmlpk,2025-10-31,13:46:45,-07:00,2025-10-31T13:46:45-07:00,0,0
style.css,283,css,62f5c8dd,cmlpk,2025-10-31,13:46:45,-07:00,2025-10-31T13:46:45-07:00,0,0
style.css,284,css,62f5c8dd,cmlpk,2025-10-31,13:46:45,-07:00,2025-10-31T13:46:45-07:00,0,12
style.css,285,css,62f5c8dd,cmlpk,2025-10-31,13:46:45,-07:00,2025-10-31T13:46:45-07:00,1,12
style.css,286,css,62f5c8dd,cmlpk,2025-10-31,13:46:45,-07:00,2025-10-31T13:46:45-07:00,1,18
style.css,287,css,62f5c8dd,cmlpk,2025-10-31,13:46:45,-07:00,2025-10-31T13:46:45-07:00,1,9
style.css,288,css,62f5c8dd,cmlpk,2025-10-31,13:46:45,-07:00,2025-10-31T13:46:45-07:00,1,14
style.css,289,css,62f5c8dd,cmlpk,2025-10-31,13:46:45,-07:00,2025-10-31T13:46:45-07:00,1,14
style.css,290,css,62f5c8dd,cmlpk,2025-10-31,13:46:45,-07:00,2025-10-31T13:46:45-07:00,1,20
style.css,291,css,62f5c8dd,cmlpk,2025-10-31,13:46:45,-07:00,2025-10-31T13:46:45-07:00,1,16
style.css,292,css,62f5c8dd,cmlpk,2025-10-31,13:46:45,-07:00,2025-10-31T13:46:45-07:00,0,0
style.css,293,css,62f5c8dd,cmlpk,2025-10-31,13:46:45,-07:00,2025-10-31T13:46:45-07:00,0,0
style.css,294,css,62f5c8dd,cmlpk,2025-10-31,13:46:45,-07:00,2025-10-31T13:46:45-07:00,0,18
style.css,295,css,62f5c8dd,cmlpk,2025-10-31,13:46:45,-07:00,2025-10-31T13:46:45-07:00,1,34
style.css,296,css,62f5c8dd,cmlpk,2025-10-31,13:46:45,-07:00,2025-10-31T13:46:45-07:00,0,0
style.css,297,css,62f5c8dd,cmlpk,2025-10-31,13:46:45,-07:00,2025-10-31T13:46:45-07:00,0,0
style.css,298,css,62f5c8dd,cmlpk,2025-10-31,13:46:45,-07:00,2025-10-31T13:46:45-07:00,0,21
style.css,299,css,62f5c8dd,cmlpk,2025-10-31,13:46:45,-07:00,2025-10-31T13:46:45-07:00,1,33
style.css,300,css,62f5c8dd,cmlpk,2025-10-31,13:46:45,-07:00,2025-10-31T13:46:45-07:00,1,16
style.css,301,css,62f5c8dd,cmlpk,2025-10-31,13:46:45,-07:00,2025-10-31T13:46:45-07:00,0,0
style.css,302,css,62f5c8dd,cmlpk,2025-10-31,13:46:45,-07:00,2025-10-31T13:46:45-07:00,0,0
style.css,303,css,62f5c8dd,cmlpk,2025-10-31,13:46:45,-07:00,2025-10-31T13:46:45-07:00,0,18
style.css,304,css,62f5c8dd,cmlpk,2025-10-31,13:46:45,-07:00,2025-10-31T13:46:45-07:00,0,7
style.css,305,css,62f5c8dd,cmlpk,2025-10-31,13:46:45,-07:00,2025-10-31T13:46:45-07:00,1,20
style.css,306,css,62f5c8dd,cmlpk,2025-10-31,13:46:45,-07:00,2025-10-31T13:46:45-07:00,1,9
style.css,307,css,62f5c8dd,cmlpk,2025-10-31,13:46:45,-07:00,2025-10-31T13:46:45-07:00,1,10
style.css,308,css,62f5c8dd,cmlpk,2025-10-31,13:46:45,-07:00,2025-10-31T13:46:45-07:00,1,29
style.css,309,css,62f5c8dd,cmlpk,2025-10-31,13:46:45,-07:00,2025-10-31T13:46:45-07:00,1,19
style.css,310,css,62f5c8dd,cmlpk,2025-10-31,13:46:45,-07:00,2025-10-31T13:46:45-07:00,1,34
style.css,311,css,62f5c8dd,cmlpk,2025-10-31,13:46:45,-07:00,2025-10-31T13:46:45-07:00,0,0
style.css,312,css,62f5c8dd,cmlpk,2025-10-31,13:46:45,-07:00,2025-10-31T13:46:45-07:00,0,0
style.css,313,css,62f5c8dd,cmlpk,2025-10-31,13:46:45,-07:00,2025-10-31T13:46:45-07:00,0,15
style.css,314,css,62f5c8dd,cmlpk,2025-10-31,13:46:45,-07:00,2025-10-31T13:46:45-07:00,1,17
style.css,315,css,62f5c8dd,cmlpk,2025-10-31,13:46:45,-07:00,2025-10-31T13:46:45-07:00,1,24
style.css,316,css,62f5c8dd,cmlpk,2025-10-31,13:46:45,-07:00,2025-10-31T13:46:45-07:00,1,13
style.css,317,css,eb6abcb1,cmlpk,2025-10-08,19:12:57,-07:00,2025-10-08T19:12:57-07:00,0,0
index.js,1,js,39604f83,cmlpk,2025-10-20,16:40:02,-07:00,2025-10-20T16:40:02-07:00,0,71
index.js,2,js,39604f83,cmlpk,2025-10-20,16:40:02,-07:00,2025-10-20T16:40:02-07:00,0,0
index.js,3,js,39604f83,cmlpk,2025-10-20,16:40:02,-07:00,2025-10-20T16:40:02-07:00,0,54
index.js,4,js,39604f83,cmlpk,2025-10-20,16:40:02,-07:00,2025-10-20T16:40:02-07:00,0,42
index.js,5,js,39604f83,cmlpk,2025-10-20,16:40:02,-07:00,2025-10-20T16:40:02-07:00,0,60
index.js,6,js,39604f83,cmlpk,2025-10-20,16:40:02,-07:00,2025-10-20T16:40:02-07:00,0,0
index.js,7,js,39604f83,cmlpk,2025-10-20,16:40:02,-07:00,2025-10-20T16:40:02-07:00,0,22
index.js,8,js,39604f83,cmlpk,2025-10-20,16:40:02,-07:00,2025-10-20T16:40:02-07:00,1,54
index.js,9,js,39604f83,cmlpk,2025-10-20,16:40:02,-07:00,2025-10-20T16:40:02-07:00,0,0
index.js,10,js,39604f83,cmlpk,2025-10-20,16:40:02,-07:00,2025-10-20T16:40:02-07:00,0,0
index.js,11,js,39604f83,cmlpk,2025-10-20,16:40:02,-07:00,2025-10-20T16:40:02-07:00,0,48
index.js,12,js,39604f83,cmlpk,2025-10-20,16:40:02,-07:00,2025-10-20T16:40:02-07:00,0,60
index.js,13,js,39604f83,cmlpk,2025-10-20,16:40:02,-07:00,2025-10-20T16:40:02-07:00,0,0
index.js,14,js,39604f83,cmlpk,2025-10-20,16:40:02,-07:00,2025-10-20T16:40:02-07:00,0,17
index.js,15,js,39604f83,cmlpk,2025-10-20,16:40:02,-07:00,2025-10-20T16:40:02-07:00,1,24
index.js,16,js,39604f83,cmlpk,2025-10-20,16:40:02,-07:00,2025-10-20T16:40:02-07:00,2,2
index.js,17,js,39604f83,cmlpk,2025-10-20,16:40:02,-07:00,2025-10-20T16:40:02-07:00,3,55
index.js,18,js,39604f83,cmlpk,2025-10-20,16:40:02,-07:00,2025-10-20T16:40:02-07:00,3,55
index.js,19,js,39604f83,cmlpk,2025-10-20,16:40:02,-07:00,2025-10-20T16:40:02-07:00,3,49
index.js,20,js,39604f83,cmlpk,2025-10-20,16:40:02,-07:00,2025-10-20T16:40:02-07:00,3,49
index.js,21,js,39604f83,cmlpk,2025-10-20,16:40:02,-07:00,2025-10-20T16:40:02-07:00,2,3
index.js,22,js,39604f83,cmlpk,2025-10-20,16:40:02,-07:00,2025-10-20T16:40:02-07:00,1,0
index.js,23,js,39604f83,cmlpk,2025-10-20,16:40:02,-07:00,2025-10-20T16:40:02-07:00,0,0
index.html,1,html,a831d5eb,cmlpk,2025-09-29,20:42:07,-07:00,2025-09-29T20:42:07-07:00,0,13
index.html,2,html,a831d5eb,cmlpk,2025-09-29,20:42:07,-07:00,2025-09-29T20:42:07-07:00,0,14
index.html,3,html,a831d5eb,cmlpk,2025-09-29,20:42:07,-07:00,2025-09-29T20:42:07-07:00,0,4
index.html,4,html,7fae8857,cmlpk,2025-09-29,21:11:43,-07:00,2025-09-29T21:11:43-07:00,1,20
index.html,5,html,7fae8857,cmlpk,2025-09-29,21:11:43,-07:00,2025-09-29T21:11:43-07:00,1,68
index.html,6,html,7fae8857,cmlpk,2025-09-29,21:11:43,-07:00,2025-09-29T21:11:43-07:00,1,53
index.html,7,html,7fae8857,cmlpk,2025-09-29,21:11:43,-07:00,2025-09-29T21:11:43-07:00,1,38
index.html,8,html,d88c9b89,cmlpk,2025-10-17,11:36:45,-07:00,2025-10-17T11:36:45-07:00,1,45
index.html,9,html,39604f83,cmlpk,2025-10-20,16:40:02,-07:00,2025-10-20T16:40:02-07:00,1,50
index.html,10,html,a831d5eb,cmlpk,2025-09-29,20:42:07,-07:00,2025-09-29T20:42:07-07:00,0,5
index.html,11,html,a831d5eb,cmlpk,2025-09-29,20:42:07,-07:00,2025-09-29T20:42:07-07:00,0,4
index.html,12,html,7fae8857,cmlpk,2025-09-29,21:11:43,-07:00,2025-09-29T21:11:43-07:00,1,18
index.html,13,html,39604f83,cmlpk,2025-10-20,16:40:02,-07:00,2025-10-20T16:40:02-07:00,1,80
index.html,14,html,7fae8857,cmlpk,2025-09-29,21:11:43,-07:00,2025-09-29T21:11:43-07:00,1,79
index.html,15,html,39604f83,cmlpk,2025-10-20,16:40:02,-07:00,2025-10-20T16:40:02-07:00,1,0
index.html,16,html,39604f83,cmlpk,2025-10-20,16:40:02,-07:00,2025-10-20T16:40:02-07:00,1,27
index.html,17,html,39604f83,cmlpk,2025-10-20,16:40:02,-07:00,2025-10-20T16:40:02-07:00,1,22
index.html,18,html,39604f83,cmlpk,2025-10-20,16:40:02,-07:00,2025-10-20T16:40:02-07:00,1,4
index.html,19,html,39604f83,cmlpk,2025-10-20,16:40:02,-07:00,2025-10-20T16:40:02-07:00,1,0
index.html,20,html,39604f83,cmlpk,2025-10-20,16:40:02,-07:00,2025-10-20T16:40:02-07:00,1,22
index.html,21,html,39604f83,cmlpk,2025-10-20,16:40:02,-07:00,2025-10-20T16:40:02-07:00,1,20
index.html,22,html,39604f83,cmlpk,2025-10-20,16:40:02,-07:00,2025-10-20T16:40:02-07:00,1,4
index.html,23,html,a831d5eb,cmlpk,2025-09-29,20:42:07,-07:00,2025-09-29T20:42:07-07:00,0,5
index.html,24,html,6e932308,cmlpk,2025-10-17,11:49:41,-07:00,2025-10-17T11:49:41-07:00,0,5
global.js,1,js,d88c9b89,cmlpk,2025-10-17,11:36:45,-07:00,2025-10-17T11:36:45-07:00,0,25
global.js,2,js,d88c9b89,cmlpk,2025-10-17,11:36:45,-07:00,2025-10-17T11:36:45-07:00,0,0
global.js,3,js,d88c9b89,cmlpk,2025-10-17,11:36:45,-07:00,2025-10-17T11:36:45-07:00,0,41
global.js,4,js,d88c9b89,cmlpk,2025-10-17,11:36:45,-07:00,2025-10-17T11:36:45-07:00,1,52
global.js,5,js,f6dacac0,cmlpk,2025-10-17,11:40:36,-07:00,2025-10-17T11:40:36-07:00,0,0
global.js,6,js,f6dacac0,cmlpk,2025-10-17,11:40:36,-07:00,2025-10-17T11:40:36-07:00,0,0
global.js,7,js,6e932308,cmlpk,2025-10-17,11:49:41,-07:00,2025-10-17T11:49:41-07:00,0,86
global.js,8,js,6e932308,cmlpk,2025-10-17,11:49:41,-07:00,2025-10-17T11:49:41-07:00,1,3
global.js,9,js,6e932308,cmlpk,2025-10-17,11:49:41,-07:00,2025-10-17T11:49:41-07:00,1,22
global.js,10,js,f6dacac0,cmlpk,2025-10-17,11:40:36,-07:00,2025-10-17T11:40:36-07:00,0,0
global.js,11,js,6e932308,cmlpk,2025-10-17,11:49:41,-07:00,2025-10-17T11:49:41-07:00,0,11
global.js,12,js,6e932308,cmlpk,2025-10-17,11:49:41,-07:00,2025-10-17T11:49:41-07:00,1,25
global.js,13,js,6e932308,cmlpk,2025-10-17,11:49:41,-07:00,2025-10-17T11:49:41-07:00,1,38
global.js,14,js,6e932308,cmlpk,2025-10-17,11:49:41,-07:00,2025-10-17T11:49:41-07:00,1,36
global.js,15,js,6e932308,cmlpk,2025-10-17,11:49:41,-07:00,2025-10-17T11:49:41-07:00,1,34
global.js,16,js,00000000,Not Committed Yet,2025-11-07,14:45:24,-08:00,2025-11-07T14:45:24-08:00,1,30
global.js,17,js,6e932308,cmlpk,2025-10-17,11:49:41,-07:00,2025-10-17T11:49:41-07:00,1,50
global.js,18,js,6e932308,cmlpk,2025-10-17,11:49:41,-07:00,2025-10-17T11:49:41-07:00,0,0
global.js,19,js,f6dacac0,cmlpk,2025-10-17,11:40:36,-07:00,2025-10-17T11:40:36-07:00,0,0
global.js,20,js,6e932308,cmlpk,2025-10-17,11:49:41,-07:00,2025-10-17T11:49:41-07:00,0,38
global.js,21,js,6e932308,cmlpk,2025-10-17,11:49:41,-07:00,2025-10-17T11:49:41-07:00,0,25
global.js,22,js,6e932308,cmlpk,2025-10-17,11:49:41,-07:00,2025-10-17T11:49:41-07:00,0,0
global.js,23,js,6e932308,cmlpk,2025-10-17,11:49:41,-07:00,2025-10-17T11:49:41-07:00,0,20
global.js,24,js,6e932308,cmlpk,2025-10-17,11:49:41,-07:00,2025-10-17T11:49:41-07:00,1,14
global.js,25,js,6e932308,cmlpk,2025-10-17,11:49:41,-07:00,2025-10-17T11:49:41-07:00,1,18
global.js,26,js,6e932308,cmlpk,2025-10-17,11:49:41,-07:00,2025-10-17T11:49:41-07:00,1,0
global.js,27,js,6e932308,cmlpk,2025-10-17,11:49:41,-07:00,2025-10-17T11:49:41-07:00,1,28
global.js,28,js,6e932308,cmlpk,2025-10-17,11:49:41,-07:00,2025-10-17T11:49:41-07:00,2,20
global.js,29,js,6e932308,cmlpk,2025-10-17,11:49:41,-07:00,2025-10-17T11:49:41-07:00,1,0
global.js,30,js,6e932308,cmlpk,2025-10-17,11:49:41,-07:00,2025-10-17T11:49:41-07:00,1,0
global.js,31,js,6e932308,cmlpk,2025-10-17,11:49:41,-07:00,2025-10-17T11:49:41-07:00,1,34
global.js,32,js,6e932308,cmlpk,2025-10-17,11:49:41,-07:00,2025-10-17T11:49:41-07:00,1,11
global.js,33,js,6e932308,cmlpk,2025-10-17,11:49:41,-07:00,2025-10-17T11:49:41-07:00,1,20
global.js,34,js,6e932308,cmlpk,2025-10-17,11:49:41,-07:00,2025-10-17T11:49:41-07:00,1,0
global.js,35,js,6e932308,cmlpk,2025-10-17,11:49:41,-07:00,2025-10-17T11:49:41-07:00,1,65
global.js,36,js,6e932308,cmlpk,2025-10-17,11:49:41,-07:00,2025-10-17T11:49:41-07:00,2,25
global.js,37,js,6e932308,cmlpk,2025-10-17,11:49:41,-07:00,2025-10-17T11:49:41-07:00,1,0
global.js,38,js,6e932308,cmlpk,2025-10-17,11:49:41,-07:00,2025-10-17T11:49:41-07:00,0,0
global.js,39,js,6e932308,cmlpk,2025-10-17,11:49:41,-07:00,2025-10-17T11:49:41-07:00,1,29
global.js,40,js,6e932308,cmlpk,2025-10-17,11:49:41,-07:00,2025-10-17T11:49:41-07:00,2,18
global.js,41,js,6e932308,cmlpk,2025-10-17,11:49:41,-07:00,2025-10-17T11:49:41-07:00,1,0
global.js,42,js,6e932308,cmlpk,2025-10-17,11:49:41,-07:00,2025-10-17T11:49:41-07:00,1,0
global.js,43,js,6e932308,cmlpk,2025-10-17,11:49:41,-07:00,2025-10-17T11:49:41-07:00,1,12
global.js,44,js,6e932308,cmlpk,2025-10-17,11:49:41,-07:00,2025-10-17T11:49:41-07:00,0,0
global.js,45,js,6e932308,cmlpk,2025-10-17,11:49:41,-07:00,2025-10-17T11:49:41-07:00,0,0
global.js,46,js,6e932308,cmlpk,2025-10-17,11:49:41,-07:00,2025-10-17T11:49:41-07:00,0,46
global.js,47,js,6e932308,cmlpk,2025-10-17,11:49:41,-07:00,2025-10-17T11:49:41-07:00,1,26
global.js,48,js,6e932308,cmlpk,2025-10-17,11:49:41,-07:00,2025-10-17T11:49:41-07:00,2,4
global.js,49,js,6e932308,cmlpk,2025-10-17,11:49:41,-07:00,2025-10-17T11:49:41-07:00,2,6
global.js,50,js,6e932308,cmlpk,2025-10-17,11:49:41,-07:00,2025-10-17T11:49:41-07:00,3,43
global.js,51,js,6e932308,cmlpk,2025-10-17,11:49:41,-07:00,2025-10-17T11:49:41-07:00,3,34
global.js,52,js,6e932308,cmlpk,2025-10-17,11:49:41,-07:00,2025-10-17T11:49:41-07:00,3,32
global.js,53,js,6e932308,cmlpk,2025-10-17,11:49:41,-07:00,2025-10-17T11:49:41-07:00,2,7
global.js,54,js,6e932308,cmlpk,2025-10-17,11:49:41,-07:00,2025-10-17T11:49:41-07:00,1,6
global.js,55,js,6e932308,cmlpk,2025-10-17,11:49:41,-07:00,2025-10-17T11:49:41-07:00,0,1
global.js,56,js,6e932308,cmlpk,2025-10-17,11:49:41,-07:00,2025-10-17T11:49:41-07:00,0,0
global.js,57,js,6e932308,cmlpk,2025-10-17,11:49:41,-07:00,2025-10-17T11:49:41-07:00,0,60
global.js,58,js,6e932308,cmlpk,2025-10-17,11:49:41,-07:00,2025-10-17T11:49:41-07:00,0,0
global.js,59,js,6e932308,cmlpk,2025-10-17,11:49:41,-07:00,2025-10-17T11:49:41-07:00,0,36
global.js,60,js,6e932308,cmlpk,2025-10-17,11:49:41,-07:00,2025-10-17T11:49:41-07:00,1,70
global.js,61,js,6e932308,cmlpk,2025-10-17,11:49:41,-07:00,2025-10-17T11:49:41-07:00,1,25
global.js,62,js,6e932308,cmlpk,2025-10-17,11:49:41,-07:00,2025-10-17T11:49:41-07:00,0,0
global.js,63,js,6e932308,cmlpk,2025-10-17,11:49:41,-07:00,2025-10-17T11:49:41-07:00,0,0
global.js,64,js,6e932308,cmlpk,2025-10-17,11:49:41,-07:00,2025-10-17T11:49:41-07:00,0,34
global.js,65,js,6e932308,cmlpk,2025-10-17,11:49:41,-07:00,2025-10-17T11:49:41-07:00,1,39
global.js,66,js,6e932308,cmlpk,2025-10-17,11:49:41,-07:00,2025-10-17T11:49:41-07:00,0,0
global.js,67,js,6e932308,cmlpk,2025-10-17,11:49:41,-07:00,2025-10-17T11:49:41-07:00,0,0
global.js,68,js,6e932308,cmlpk,2025-10-17,11:49:41,-07:00,2025-10-17T11:49:41-07:00,0,48
global.js,69,js,6e932308,cmlpk,2025-10-17,11:49:41,-07:00,2025-10-17T11:49:41-07:00,1,33
global.js,70,js,6e932308,cmlpk,2025-10-17,11:49:41,-07:00,2025-10-17T11:49:41-07:00,1,44
global.js,71,js,6e932308,cmlpk,2025-10-17,11:49:41,-07:00,2025-10-17T11:49:41-07:00,0,1
global.js,72,js,6e932308,cmlpk,2025-10-17,11:49:41,-07:00,2025-10-17T11:49:41-07:00,0,0
global.js,73,js,6e932308,cmlpk,2025-10-17,11:49:41,-07:00,2025-10-17T11:49:41-07:00,0,42
global.js,74,js,6e932308,cmlpk,2025-10-17,11:49:41,-07:00,2025-10-17T11:49:41-07:00,0,0
global.js,75,js,6e932308,cmlpk,2025-10-17,11:49:41,-07:00,2025-10-17T11:49:41-07:00,0,48
global.js,76,js,6e932308,cmlpk,2025-10-17,11:49:41,-07:00,2025-10-17T11:49:41-07:00,1,21
global.js,77,js,6e932308,cmlpk,2025-10-17,11:49:41,-07:00,2025-10-17T11:49:41-07:00,1,0
global.js,78,js,6e932308,cmlpk,2025-10-17,11:49:41,-07:00,2025-10-17T11:49:41-07:00,1,28
global.js,79,js,6e932308,cmlpk,2025-10-17,11:49:41,-07:00,2025-10-17T11:49:41-07:00,1,14
global.js,80,js,6e932308,cmlpk,2025-10-17,11:49:41,-07:00,2025-10-17T11:49:41-07:00,1,0
global.js,81,js,6e932308,cmlpk,2025-10-17,11:49:41,-07:00,2025-10-17T11:49:41-07:00,1,31
global.js,82,js,6e932308,cmlpk,2025-10-17,11:49:41,-07:00,2025-10-17T11:49:41-07:00,2,50
global.js,83,js,6e932308,cmlpk,2025-10-17,11:49:41,-07:00,2025-10-17T11:49:41-07:00,1,0
global.js,84,js,6e932308,cmlpk,2025-10-17,11:49:41,-07:00,2025-10-17T11:49:41-07:00,1,0
global.js,85,js,6e932308,cmlpk,2025-10-17,11:49:41,-07:00,2025-10-17T11:49:41-07:00,1,45
global.js,86,js,6e932308,cmlpk,2025-10-17,11:49:41,-07:00,2025-10-17T11:49:41-07:00,1,18
global.js,87,js,39604f83,cmlpk,2025-10-20,16:40:02,-07:00,2025-10-20T16:40:02-07:00,0,1
global.js,88,js,39604f83,cmlpk,2025-10-20,16:40:02,-07:00,2025-10-20T16:40:02-07:00,0,0
global.js,89,js,39604f83,cmlpk,2025-10-20,16:40:02,-07:00,2025-10-20T16:40:02-07:00,0,36
global.js,90,js,39604f83,cmlpk,2025-10-20,16:40:02,-07:00,2025-10-20T16:40:02-07:00,1,3
global.js,91,js,39604f83,cmlpk,2025-10-20,16:40:02,-07:00,2025-10-20T16:40:02-07:00,2,32
global.js,92,js,39604f83,cmlpk,2025-10-20,16:40:02,-07:00,2025-10-20T16:40:02-07:00,2,0
global.js,93,js,39604f83,cmlpk,2025-10-20,16:40:02,-07:00,2025-10-20T16:40:02-07:00,2,17
global.js,94,js,39604f83,cmlpk,2025-10-20,16:40:02,-07:00,2025-10-20T16:40:02-07:00,3,66
global.js,95,js,39604f83,cmlpk,2025-10-20,16:40:02,-07:00,2025-10-20T16:40:02-07:00,2,0
global.js,96,js,39604f83,cmlpk,2025-10-20,16:40:02,-07:00,2025-10-20T16:40:02-07:00,2,0
global.js,97,js,39604f83,cmlpk,2025-10-20,16:40:02,-07:00,2025-10-20T16:40:02-07:00,2,33
global.js,98,js,39604f83,cmlpk,2025-10-20,16:40:02,-07:00,2025-10-20T16:40:02-07:00,2,10
global.js,99,js,39604f83,cmlpk,2025-10-20,16:40:02,-07:00,2025-10-20T16:40:02-07:00,1,15
global.js,100,js,39604f83,cmlpk,2025-10-20,16:40:02,-07:00,2025-10-20T16:40:02-07:00,2,59
global.js,101,js,39604f83,cmlpk,2025-10-20,16:40:02,-07:00,2025-10-20T16:40:02-07:00,1,0
global.js,102,js,39604f83,cmlpk,2025-10-20,16:40:02,-07:00,2025-10-20T16:40:02-07:00,0,0
global.js,103,js,39604f83,cmlpk,2025-10-20,16:40:02,-07:00,2025-10-20T16:40:02-07:00,0,0
global.js,104,js,39604f83,cmlpk,2025-10-20,16:40:02,-07:00,2025-10-20T16:40:02-07:00,0,79
global.js,105,js,39604f83,cmlpk,2025-10-20,16:40:02,-07:00,2025-10-20T16:40:02-07:00,1,22
global.js,106,js,39604f83,cmlpk,2025-10-20,16:40:02,-07:00,2025-10-20T16:40:02-07:00,2,43
global.js,107,js,39604f83,cmlpk,2025-10-20,16:40:02,-07:00,2025-10-20T16:40:02-07:00,2,5
global.js,108,js,39604f83,cmlpk,2025-10-20,16:40:02,-07:00,2025-10-20T16:40:02-07:00,1,0
global.js,109,js,39604f83,cmlpk,2025-10-20,16:40:02,-07:00,2025-10-20T16:40:02-07:00,1,0
global.js,110,js,39604f83,cmlpk,2025-10-20,16:40:02,-07:00,2025-10-20T16:40:02-07:00,1,30
global.js,111,js,39604f83,cmlpk,2025-10-20,16:40:02,-07:00,2025-10-20T16:40:02-07:00,1,0
global.js,112,js,39604f83,cmlpk,2025-10-20,16:40:02,-07:00,2025-10-20T16:40:02-07:00,1,29
global.js,113,js,39604f83,cmlpk,2025-10-20,16:40:02,-07:00,2025-10-20T16:40:02-07:00,2,48
global.js,114,js,39604f83,cmlpk,2025-10-20,16:40:02,-07:00,2025-10-20T16:40:02-07:00,2,0
global.js,115,js,39604f83,cmlpk,2025-10-20,16:40:02,-07:00,2025-10-20T16:40:02-07:00,2,19
global.js,116,js,39604f83,cmlpk,2025-10-20,16:40:02,-07:00,2025-10-20T16:40:02-07:00,3,49
global.js,117,js,39604f83,cmlpk,2025-10-20,16:40:02,-07:00,2025-10-20T16:40:02-07:00,3,49
global.js,118,js,39604f83,cmlpk,2025-10-20,16:40:02,-07:00,2025-10-20T16:40:02-07:00,3,27
global.js,119,js,39604f83,cmlpk,2025-10-20,16:40:02,-07:00,2025-10-20T16:40:02-07:00,2,0
global.js,120,js,39604f83,cmlpk,2025-10-20,16:40:02,-07:00,2025-10-20T16:40:02-07:00,2,0
global.js,121,js,39604f83,cmlpk,2025-10-20,16:40:02,-07:00,2025-10-20T16:40:02-07:00,2,36
global.js,122,js,39604f83,cmlpk,2025-10-20,16:40:02,-07:00,2025-10-20T16:40:02-07:00,1,0
global.js,123,js,39604f83,cmlpk,2025-10-20,16:40:02,-07:00,2025-10-20T16:40:02-07:00,0,0
global.js,124,js,39604f83,cmlpk,2025-10-20,16:40:02,-07:00,2025-10-20T16:40:02-07:00,0,0
global.js,125,js,39604f83,cmlpk,2025-10-20,16:40:02,-07:00,2025-10-20T16:40:02-07:00,0,47
global.js,126,js,39604f83,cmlpk,2025-10-20,16:40:02,-07:00,2025-10-20T16:40:02-07:00,1,59
global.js,127,js,39604f83,cmlpk,2025-10-20,16:40:02,-07:00,2025-10-20T16:40:02-07:00,0,0
resume\index.html,1,html,22d2a019,cmlpk,2025-10-17,11:52:04,-07:00,2025-10-17T11:52:04-07:00,0,13
resume\index.html,2,html,0f62c4b6,cmlpk,2025-09-30,17:05:54,-07:00,2025-09-30T17:05:54-07:00,0,14
resume\index.html,3,html,0f62c4b6,cmlpk,2025-09-30,17:05:54,-07:00,2025-09-30T17:05:54-07:00,0,4
resume\index.html,4,html,0f62c4b6,cmlpk,2025-09-30,17:05:54,-07:00,2025-09-30T17:05:54-07:00,1,22
resume\index.html,5,html,0f62c4b6,cmlpk,2025-09-30,17:05:54,-07:00,2025-09-30T17:05:54-07:00,1,70
resume\index.html,6,html,0f62c4b6,cmlpk,2025-09-30,17:05:54,-07:00,2025-09-30T17:05:54-07:00,1,33
resume\index.html,7,html,0f62c4b6,cmlpk,2025-09-30,17:05:54,-07:00,2025-09-30T17:05:54-07:00,1,43
resume\index.html,8,html,d88c9b89,cmlpk,2025-10-17,11:36:45,-07:00,2025-10-17T11:36:45-07:00,1,48
resume\index.html,9,html,0f62c4b6,cmlpk,2025-09-30,17:05:54,-07:00,2025-09-30T17:05:54-07:00,0,5
resume\index.html,10,html,0f62c4b6,cmlpk,2025-09-30,17:05:54,-07:00,2025-09-30T17:05:54-07:00,0,4
resume\index.html,11,html,0f62c4b6,cmlpk,2025-09-30,17:05:54,-07:00,2025-09-30T17:05:54-07:00,1,18
resume\index.html,12,html,0f62c4b6,cmlpk,2025-09-30,17:05:54,-07:00,2025-09-30T17:05:54-07:00,1,81
resume\index.html,13,html,0f62c4b6,cmlpk,2025-09-30,17:05:54,-07:00,2025-09-30T17:05:54-07:00,0,0
resume\index.html,14,html,0f62c4b6,cmlpk,2025-09-30,17:05:54,-07:00,2025-09-30T17:05:54-07:00,1,7
resume\index.html,15,html,0f62c4b6,cmlpk,2025-09-30,17:05:54,-07:00,2025-09-30T17:05:54-07:00,2,22
resume\index.html,16,html,0f62c4b6,cmlpk,2025-09-30,17:05:54,-07:00,2025-09-30T17:05:54-07:00,0,0
resume\index.html,17,html,0f62c4b6,cmlpk,2025-09-30,17:05:54,-07:00,2025-09-30T17:05:54-07:00,2,7
resume\index.html,18,html,0f62c4b6,cmlpk,2025-09-30,17:05:54,-07:00,2025-09-30T17:05:54-07:00,3,74
resume\index.html,19,html,0f62c4b6,cmlpk,2025-09-30,17:05:54,-07:00,2025-09-30T17:05:54-07:00,3,29
resume\index.html,20,html,0f62c4b6,cmlpk,2025-09-30,17:05:54,-07:00,2025-09-30T17:05:54-07:00,3,2
resume\index.html,21,html,0f62c4b6,cmlpk,2025-09-30,17:05:54,-07:00,2025-09-30T17:05:54-07:00,4,139
resume\index.html,22,html,0f62c4b6,cmlpk,2025-09-30,17:05:54,-07:00,2025-09-30T17:05:54-07:00,4,114
resume\index.html,23,html,0f62c4b6,cmlpk,2025-09-30,17:05:54,-07:00,2025-09-30T17:05:54-07:00,4,166
resume\index.html,24,html,0f62c4b6,cmlpk,2025-09-30,17:05:54,-07:00,2025-09-30T17:05:54-07:00,3,3
resume\index.html,25,html,0f62c4b6,cmlpk,2025-09-30,17:05:54,-07:00,2025-09-30T17:05:54-07:00,2,8
resume\index.html,26,html,0f62c4b6,cmlpk,2025-09-30,17:05:54,-07:00,2025-09-30T17:05:54-07:00,0,0
resume\index.html,27,html,0f62c4b6,cmlpk,2025-09-30,17:05:54,-07:00,2025-09-30T17:05:54-07:00,2,7
resume\index.html,28,html,0f62c4b6,cmlpk,2025-09-30,17:05:54,-07:00,2025-09-30T17:05:54-07:00,3,71
resume\index.html,29,html,0f62c4b6,cmlpk,2025-09-30,17:05:54,-07:00,2025-09-30T17:05:54-07:00,3,30
resume\index.html,30,html,0f62c4b6,cmlpk,2025-09-30,17:05:54,-07:00,2025-09-30T17:05:54-07:00,3,2
resume\index.html,31,html,0f62c4b6,cmlpk,2025-09-30,17:05:54,-07:00,2025-09-30T17:05:54-07:00,4,96
resume\index.html,32,html,0f62c4b6,cmlpk,2025-09-30,17:05:54,-07:00,2025-09-30T17:05:54-07:00,4,91
resume\index.html,33,html,0f62c4b6,cmlpk,2025-09-30,17:05:54,-07:00,2025-09-30T17:05:54-07:00,4,137
resume\index.html,34,html,0f62c4b6,cmlpk,2025-09-30,17:05:54,-07:00,2025-09-30T17:05:54-07:00,4,124
resume\index.html,35,html,0f62c4b6,cmlpk,2025-09-30,17:05:54,-07:00,2025-09-30T17:05:54-07:00,3,3
resume\index.html,36,html,0f62c4b6,cmlpk,2025-09-30,17:05:54,-07:00,2025-09-30T17:05:54-07:00,2,8
resume\index.html,37,html,0f62c4b6,cmlpk,2025-09-30,17:05:54,-07:00,2025-09-30T17:05:54-07:00,0,0
resume\index.html,38,html,0f62c4b6,cmlpk,2025-09-30,17:05:54,-07:00,2025-09-30T17:05:54-07:00,2,7
resume\index.html,39,html,0f62c4b6,cmlpk,2025-09-30,17:05:54,-07:00,2025-09-30T17:05:54-07:00,3,78
resume\index.html,40,html,0f62c4b6,cmlpk,2025-09-30,17:05:54,-07:00,2025-09-30T17:05:54-07:00,3,30
resume\index.html,41,html,0f62c4b6,cmlpk,2025-09-30,17:05:54,-07:00,2025-09-30T17:05:54-07:00,3,2
resume\index.html,42,html,0f62c4b6,cmlpk,2025-09-30,17:05:54,-07:00,2025-09-30T17:05:54-07:00,4,99
resume\index.html,43,html,0f62c4b6,cmlpk,2025-09-30,17:05:54,-07:00,2025-09-30T17:05:54-07:00,4,155
resume\index.html,44,html,0f62c4b6,cmlpk,2025-09-30,17:05:54,-07:00,2025-09-30T17:05:54-07:00,4,110
resume\index.html,45,html,0f62c4b6,cmlpk,2025-09-30,17:05:54,-07:00,2025-09-30T17:05:54-07:00,3,3
resume\index.html,46,html,0f62c4b6,cmlpk,2025-09-30,17:05:54,-07:00,2025-09-30T17:05:54-07:00,2,8
resume\index.html,47,html,0f62c4b6,cmlpk,2025-09-30,17:05:54,-07:00,2025-09-30T17:05:54-07:00,0,0
resume\index.html,48,html,0f62c4b6,cmlpk,2025-09-30,17:05:54,-07:00,2025-09-30T17:05:54-07:00,2,7
resume\index.html,49,html,0f62c4b6,cmlpk,2025-09-30,17:05:54,-07:00,2025-09-30T17:05:54-07:00,3,48
resume\index.html,50,html,0f62c4b6,cmlpk,2025-09-30,17:05:54,-07:00,2025-09-30T17:05:54-07:00,3,30
resume\index.html,51,html,0f62c4b6,cmlpk,2025-09-30,17:05:54,-07:00,2025-09-30T17:05:54-07:00,3,2
resume\index.html,52,html,0f62c4b6,cmlpk,2025-09-30,17:05:54,-07:00,2025-09-30T17:05:54-07:00,4,95
resume\index.html,53,html,0f62c4b6,cmlpk,2025-09-30,17:05:54,-07:00,2025-09-30T17:05:54-07:00,4,122
resume\index.html,54,html,0f62c4b6,cmlpk,2025-09-30,17:05:54,-07:00,2025-09-30T17:05:54-07:00,4,98
resume\index.html,55,html,0f62c4b6,cmlpk,2025-09-30,17:05:54,-07:00,2025-09-30T17:05:54-07:00,3,3
resume\index.html,56,html,0f62c4b6,cmlpk,2025-09-30,17:05:54,-07:00,2025-09-30T17:05:54-07:00,2,8
resume\index.html,57,html,0f62c4b6,cmlpk,2025-09-30,17:05:54,-07:00,2025-09-30T17:05:54-07:00,0,0
resume\index.html,58,html,0f62c4b6,cmlpk,2025-09-30,17:05:54,-07:00,2025-09-30T17:05:54-07:00,2,7
resume\index.html,59,html,0f62c4b6,cmlpk,2025-09-30,17:05:54,-07:00,2025-09-30T17:05:54-07:00,3,57
resume\index.html,60,html,0f62c4b6,cmlpk,2025-09-30,17:05:54,-07:00,2025-09-30T17:05:54-07:00,3,30
resume\index.html,61,html,0f62c4b6,cmlpk,2025-09-30,17:05:54,-07:00,2025-09-30T17:05:54-07:00,3,2
resume\index.html,62,html,0f62c4b6,cmlpk,2025-09-30,17:05:54,-07:00,2025-09-30T17:05:54-07:00,4,76
resume\index.html,63,html,0f62c4b6,cmlpk,2025-09-30,17:05:54,-07:00,2025-09-30T17:05:54-07:00,4,101
resume\index.html,64,html,0f62c4b6,cmlpk,2025-09-30,17:05:54,-07:00,2025-09-30T17:05:54-07:00,4,96
resume\index.html,65,html,0f62c4b6,cmlpk,2025-09-30,17:05:54,-07:00,2025-09-30T17:05:54-07:00,3,3
resume\index.html,66,html,0f62c4b6,cmlpk,2025-09-30,17:05:54,-07:00,2025-09-30T17:05:54-07:00,2,8
resume\index.html,67,html,0f62c4b6,cmlpk,2025-09-30,17:05:54,-07:00,2025-09-30T17:05:54-07:00,1,8
resume\index.html,68,html,0f62c4b6,cmlpk,2025-09-30,17:05:54,-07:00,2025-09-30T17:05:54-07:00,0,0
resume\index.html,69,html,0f62c4b6,cmlpk,2025-09-30,17:05:54,-07:00,2025-09-30T17:05:54-07:00,1,7
resume\index.html,70,html,0f62c4b6,cmlpk,2025-09-30,17:05:54,-07:00,2025-09-30T17:05:54-07:00,2,16
resume\index.html,71,html,0f62c4b6,cmlpk,2025-09-30,17:05:54,-07:00,2025-09-30T17:05:54-07:00,0,0
resume\index.html,72,html,0f62c4b6,cmlpk,2025-09-30,17:05:54,-07:00,2025-09-30T17:05:54-07:00,2,7
resume\index.html,73,html,0f62c4b6,cmlpk,2025-09-30,17:05:54,-07:00,2025-09-30T17:05:54-07:00,3,40
resume\index.html,74,html,0f62c4b6,cmlpk,2025-09-30,17:05:54,-07:00,2025-09-30T17:05:54-07:00,3,40
resume\index.html,75,html,0f62c4b6,cmlpk,2025-09-30,17:05:54,-07:00,2025-09-30T17:05:54-07:00,3,29
resume\index.html,76,html,0f62c4b6,cmlpk,2025-09-30,17:05:54,-07:00,2025-09-30T17:05:54-07:00,2,8
resume\index.html,77,html,0f62c4b6,cmlpk,2025-09-30,17:05:54,-07:00,2025-09-30T17:05:54-07:00,0,0
resume\index.html,78,html,0f62c4b6,cmlpk,2025-09-30,17:05:54,-07:00,2025-09-30T17:05:54-07:00,2,7
resume\index.html,79,html,0f62c4b6,cmlpk,2025-09-30,17:05:54,-07:00,2025-09-30T17:05:54-07:00,3,43
resume\index.html,80,html,0f62c4b6,cmlpk,2025-09-30,17:05:54,-07:00,2025-09-30T17:05:54-07:00,3,40
resume\index.html,81,html,0f62c4b6,cmlpk,2025-09-30,17:05:54,-07:00,2025-09-30T17:05:54-07:00,3,30
resume\index.html,82,html,0f62c4b6,cmlpk,2025-09-30,17:05:54,-07:00,2025-09-30T17:05:54-07:00,2,8
resume\index.html,83,html,0f62c4b6,cmlpk,2025-09-30,17:05:54,-07:00,2025-09-30T17:05:54-07:00,1,8
resume\index.html,84,html,0f62c4b6,cmlpk,2025-09-30,17:05:54,-07:00,2025-09-30T17:05:54-07:00,0,0
resume\index.html,85,html,0f62c4b6,cmlpk,2025-09-30,17:05:54,-07:00,2025-09-30T17:05:54-07:00,1,7
resume\index.html,86,html,0f62c4b6,cmlpk,2025-09-30,17:05:54,-07:00,2025-09-30T17:05:54-07:00,2,13
resume\index.html,87,html,0f62c4b6,cmlpk,2025-09-30,17:05:54,-07:00,2025-09-30T17:05:54-07:00,2,2
resume\index.html,88,html,0f62c4b6,cmlpk,2025-09-30,17:05:54,-07:00,2025-09-30T17:05:54-07:00,3,91
resume\index.html,89,html,0f62c4b6,cmlpk,2025-09-30,17:05:54,-07:00,2025-09-30T17:05:54-07:00,3,93
resume\index.html,90,html,0f62c4b6,cmlpk,2025-09-30,17:05:54,-07:00,2025-09-30T17:05:54-07:00,2,3
resume\index.html,91,html,0f62c4b6,cmlpk,2025-09-30,17:05:54,-07:00,2025-09-30T17:05:54-07:00,1,8
resume\index.html,92,html,0f62c4b6,cmlpk,2025-09-30,17:05:54,-07:00,2025-09-30T17:05:54-07:00,0,5
resume\index.html,93,html,0f62c4b6,cmlpk,2025-09-30,17:05:54,-07:00,2025-09-30T17:05:54-07:00,0,5
projects\projects.js,1,js,39604f83,cmlpk,2025-10-20,16:40:02,-07:00,2025-10-20T16:40:02-07:00,0,55
projects\projects.js,2,js,62f5c8dd,cmlpk,2025-10-31,13:46:45,-07:00,2025-10-31T13:46:45-07:00,0,63
projects\projects.js,3,js,39604f83,cmlpk,2025-10-20,16:40:02,-07:00,2025-10-20T16:40:02-07:00,0,0
projects\projects.js,4,js,39604f83,cmlpk,2025-10-20,16:40:02,-07:00,2025-10-20T16:40:02-07:00,0,55
projects\projects.js,5,js,39604f83,cmlpk,2025-10-20,16:40:02,-07:00,2025-10-20T16:40:02-07:00,0,60
projects\projects.js,6,js,39604f83,cmlpk,2025-10-20,16:40:02,-07:00,2025-10-20T16:40:02-07:00,0,0
projects\projects.js,7,js,39604f83,cmlpk,2025-10-20,16:40:02,-07:00,2025-10-20T16:40:02-07:00,0,18
projects\projects.js,8,js,39604f83,cmlpk,2025-10-20,16:40:02,-07:00,2025-10-20T16:40:02-07:00,0,62
projects\projects.js,9,js,39604f83,cmlpk,2025-10-20,16:40:02,-07:00,2025-10-20T16:40:02-07:00,0,18
projects\projects.js,10,js,39604f83,cmlpk,2025-10-20,16:40:02,-07:00,2025-10-20T16:40:02-07:00,1,58
projects\projects.js,11,js,62f5c8dd,cmlpk,2025-10-31,13:46:45,-07:00,2025-10-31T13:46:45-07:00,0,0
projects\projects.js,12,js,62f5c8dd,cmlpk,2025-10-31,13:46:45,-07:00,2025-10-31T13:46:45-07:00,0,0
projects\projects.js,13,js,62f5c8dd,cmlpk,2025-10-31,13:46:45,-07:00,2025-10-31T13:46:45-07:00,0,31
projects\projects.js,14,js,62f5c8dd,cmlpk,2025-10-31,13:46:45,-07:00,2025-10-31T13:46:45-07:00,0,48
projects\projects.js,15,js,62f5c8dd,cmlpk,2025-10-31,13:46:45,-07:00,2025-10-31T13:46:45-07:00,0,0
projects\projects.js,16,js,62f5c8dd,cmlpk,2025-10-31,13:46:45,-07:00,2025-10-31T13:46:45-07:00,0,21
projects\projects.js,17,js,62f5c8dd,cmlpk,2025-10-31,13:46:45,-07:00,2025-10-31T13:46:45-07:00,0,57
projects\projects.js,18,js,62f5c8dd,cmlpk,2025-10-31,13:46:45,-07:00,2025-10-31T13:46:45-07:00,0,47
projects\projects.js,19,js,62f5c8dd,cmlpk,2025-10-31,13:46:45,-07:00,2025-10-31T13:46:45-07:00,0,21
projects\projects.js,20,js,62f5c8dd,cmlpk,2025-10-31,13:46:45,-07:00,2025-10-31T13:46:45-07:00,0,0
projects\projects.js,21,js,62f5c8dd,cmlpk,2025-10-31,13:46:45,-07:00,2025-10-31T13:46:45-07:00,0,33
projects\projects.js,22,js,62f5c8dd,cmlpk,2025-10-31,13:46:45,-07:00,2025-10-31T13:46:45-07:00,0,38
projects\projects.js,23,js,62f5c8dd,cmlpk,2025-10-31,13:46:45,-07:00,2025-10-31T13:46:45-07:00,1,47
projects\projects.js,24,js,62f5c8dd,cmlpk,2025-10-31,13:46:45,-07:00,2025-10-31T13:46:45-07:00,1,26
projects\projects.js,25,js,62f5c8dd,cmlpk,2025-10-31,13:46:45,-07:00,2025-10-31T13:46:45-07:00,2,12
projects\projects.js,26,js,62f5c8dd,cmlpk,2025-10-31,13:46:45,-07:00,2025-10-31T13:46:45-07:00,2,14
projects\projects.js,27,js,62f5c8dd,cmlpk,2025-10-31,13:46:45,-07:00,2025-10-31T13:46:45-07:00,2,11
projects\projects.js,28,js,62f5c8dd,cmlpk,2025-10-31,13:46:45,-07:00,2025-10-31T13:46:45-07:00,1,0
projects\projects.js,29,js,62f5c8dd,cmlpk,2025-10-31,13:46:45,-07:00,2025-10-31T13:46:45-07:00,1,0
projects\projects.js,30,js,62f5c8dd,cmlpk,2025-10-31,13:46:45,-07:00,2025-10-31T13:46:45-07:00,1,44
projects\projects.js,31,js,62f5c8dd,cmlpk,2025-10-31,13:46:45,-07:00,2025-10-31T13:46:45-07:00,1,44
projects\projects.js,32,js,62f5c8dd,cmlpk,2025-10-31,13:46:45,-07:00,2025-10-31T13:46:45-07:00,2,35
projects\projects.js,33,js,62f5c8dd,cmlpk,2025-10-31,13:46:45,-07:00,2025-10-31T13:46:45-07:00,1,1
projects\projects.js,34,js,62f5c8dd,cmlpk,2025-10-31,13:46:45,-07:00,2025-10-31T13:46:45-07:00,1,0
projects\projects.js,35,js,62f5c8dd,cmlpk,2025-10-31,13:46:45,-07:00,2025-10-31T13:46:45-07:00,1,23
projects\projects.js,36,js,62f5c8dd,cmlpk,2025-10-31,13:46:45,-07:00,2025-10-31T13:46:45-07:00,1,50
projects\projects.js,37,js,62f5c8dd,cmlpk,2025-10-31,13:46:45,-07:00,2025-10-31T13:46:45-07:00,1,33
projects\projects.js,38,js,62f5c8dd,cmlpk,2025-10-31,13:46:45,-07:00,2025-10-31T13:46:45-07:00,1,45
projects\projects.js,39,js,62f5c8dd,cmlpk,2025-10-31,13:46:45,-07:00,2025-10-31T13:46:45-07:00,1,0
projects\projects.js,40,js,62f5c8dd,cmlpk,2025-10-31,13:46:45,-07:00,2025-10-31T13:46:45-07:00,1,42
projects\projects.js,41,js,62f5c8dd,cmlpk,2025-10-31,13:46:45,-07:00,2025-10-31T13:46:45-07:00,1,40
projects\projects.js,42,js,62f5c8dd,cmlpk,2025-10-31,13:46:45,-07:00,2025-10-31T13:46:45-07:00,1,29
projects\projects.js,43,js,62f5c8dd,cmlpk,2025-10-31,13:46:45,-07:00,2025-10-31T13:46:45-07:00,1,0
projects\projects.js,44,js,62f5c8dd,cmlpk,2025-10-31,13:46:45,-07:00,2025-10-31T13:46:45-07:00,1,32
projects\projects.js,45,js,62f5c8dd,cmlpk,2025-10-31,13:46:45,-07:00,2025-10-31T13:46:45-07:00,1,30
projects\projects.js,46,js,62f5c8dd,cmlpk,2025-10-31,13:46:45,-07:00,2025-10-31T13:46:45-07:00,1,0
projects\projects.js,47,js,62f5c8dd,cmlpk,2025-10-31,13:46:45,-07:00,2025-10-31T13:46:45-07:00,1,22
projects\projects.js,48,js,62f5c8dd,cmlpk,2025-10-31,13:46:45,-07:00,2025-10-31T13:46:45-07:00,1,24
projects\projects.js,49,js,62f5c8dd,cmlpk,2025-10-31,13:46:45,-07:00,2025-10-31T13:46:45-07:00,2,1
projects\projects.js,50,js,62f5c8dd,cmlpk,2025-10-31,13:46:45,-07:00,2025-10-31T13:46:45-07:00,3,13
projects\projects.js,51,js,62f5c8dd,cmlpk,2025-10-31,13:46:45,-07:00,2025-10-31T13:46:45-07:00,3,13
projects\projects.js,52,js,62f5c8dd,cmlpk,2025-10-31,13:46:45,-07:00,2025-10-31T13:46:45-07:00,3,22
projects\projects.js,53,js,62f5c8dd,cmlpk,2025-10-31,13:46:45,-07:00,2025-10-31T13:46:45-07:00,3,51
projects\projects.js,54,js,62f5c8dd,cmlpk,2025-10-31,13:46:45,-07:00,2025-10-31T13:46:45-07:00,3,18
projects\projects.js,55,js,62f5c8dd,cmlpk,2025-10-31,13:46:45,-07:00,2025-10-31T13:46:45-07:00,4,17
projects\projects.js,56,js,62f5c8dd,cmlpk,2025-10-31,13:46:45,-07:00,2025-10-31T13:46:45-07:00,4,43
projects\projects.js,57,js,62f5c8dd,cmlpk,2025-10-31,13:46:45,-07:00,2025-10-31T13:46:45-07:00,4,0
projects\projects.js,58,js,62f5c8dd,cmlpk,2025-10-31,13:46:45,-07:00,2025-10-31T13:46:45-07:00,4,21
projects\projects.js,59,js,62f5c8dd,cmlpk,2025-10-31,13:46:45,-07:00,2025-10-31T13:46:45-07:00,4,1
projects\projects.js,60,js,62f5c8dd,cmlpk,2025-10-31,13:46:45,-07:00,2025-10-31T13:46:45-07:00,5,16
projects\projects.js,61,js,62f5c8dd,cmlpk,2025-10-31,13:46:45,-07:00,2025-10-31T13:46:45-07:00,5,68
projects\projects.js,62,js,62f5c8dd,cmlpk,2025-10-31,13:46:45,-07:00,2025-10-31T13:46:45-07:00,4,0
projects\projects.js,63,js,62f5c8dd,cmlpk,2025-10-31,13:46:45,-07:00,2025-10-31T13:46:45-07:00,4,22
projects\projects.js,64,js,62f5c8dd,cmlpk,2025-10-31,13:46:45,-07:00,2025-10-31T13:46:45-07:00,4,4
projects\projects.js,65,js,62f5c8dd,cmlpk,2025-10-31,13:46:45,-07:00,2025-10-31T13:46:45-07:00,5,14
projects\projects.js,66,js,62f5c8dd,cmlpk,2025-10-31,13:46:45,-07:00,2025-10-31T13:46:45-07:00,5,91
projects\projects.js,67,js,62f5c8dd,cmlpk,2025-10-31,13:46:45,-07:00,2025-10-31T13:46:45-07:00,4,0
projects\projects.js,68,js,62f5c8dd,cmlpk,2025-10-31,13:46:45,-07:00,2025-10-31T13:46:45-07:00,4,35
projects\projects.js,69,js,62f5c8dd,cmlpk,2025-10-31,13:46:45,-07:00,2025-10-31T13:46:45-07:00,4,25
projects\projects.js,70,js,62f5c8dd,cmlpk,2025-10-31,13:46:45,-07:00,2025-10-31T13:46:45-07:00,5,53
projects\projects.js,71,js,62f5c8dd,cmlpk,2025-10-31,13:46:45,-07:00,2025-10-31T13:46:45-07:00,4,6
projects\projects.js,72,js,62f5c8dd,cmlpk,2025-10-31,13:46:45,-07:00,2025-10-31T13:46:45-07:00,5,43
projects\projects.js,73,js,62f5c8dd,cmlpk,2025-10-31,13:46:45,-07:00,2025-10-31T13:46:45-07:00,5,72
projects\projects.js,74,js,62f5c8dd,cmlpk,2025-10-31,13:46:45,-07:00,2025-10-31T13:46:45-07:00,5,56
projects\projects.js,75,js,62f5c8dd,cmlpk,2025-10-31,13:46:45,-07:00,2025-10-31T13:46:45-07:00,4,0
projects\projects.js,76,js,62f5c8dd,cmlpk,2025-10-31,13:46:45,-07:00,2025-10-31T13:46:45-07:00,3,1
projects\projects.js,77,js,62f5c8dd,cmlpk,2025-10-31,13:46:45,-07:00,2025-10-31T13:46:45-07:00,1,1
projects\projects.js,78,js,62f5c8dd,cmlpk,2025-10-31,13:46:45,-07:00,2025-10-31T13:46:45-07:00,1,0
projects\projects.js,79,js,62f5c8dd,cmlpk,2025-10-31,13:46:45,-07:00,2025-10-31T13:46:45-07:00,1,14
projects\projects.js,80,js,62f5c8dd,cmlpk,2025-10-31,13:46:45,-07:00,2025-10-31T13:46:45-07:00,1,24
projects\projects.js,81,js,62f5c8dd,cmlpk,2025-10-31,13:46:45,-07:00,2025-10-31T13:46:45-07:00,2,4
projects\projects.js,82,js,62f5c8dd,cmlpk,2025-10-31,13:46:45,-07:00,2025-10-31T13:46:45-07:00,3,11
projects\projects.js,83,js,62f5c8dd,cmlpk,2025-10-31,13:46:45,-07:00,2025-10-31T13:46:45-07:00,3,38
projects\projects.js,84,js,62f5c8dd,cmlpk,2025-10-31,13:46:45,-07:00,2025-10-31T13:46:45-07:00,3,76
projects\projects.js,85,js,62f5c8dd,cmlpk,2025-10-31,13:46:45,-07:00,2025-10-31T13:46:45-07:00,3,68
projects\projects.js,86,js,62f5c8dd,cmlpk,2025-10-31,13:46:45,-07:00,2025-10-31T13:46:45-07:00,3,18
projects\projects.js,87,js,62f5c8dd,cmlpk,2025-10-31,13:46:45,-07:00,2025-10-31T13:46:45-07:00,4,45
projects\projects.js,88,js,62f5c8dd,cmlpk,2025-10-31,13:46:45,-07:00,2025-10-31T13:46:45-07:00,4,57
projects\projects.js,89,js,62f5c8dd,cmlpk,2025-10-31,13:46:45,-07:00,2025-10-31T13:46:45-07:00,3,1
projects\projects.js,90,js,62f5c8dd,cmlpk,2025-10-31,13:46:45,-07:00,2025-10-31T13:46:45-07:00,1,1
projects\projects.js,91,js,62f5c8dd,cmlpk,2025-10-31,13:46:45,-07:00,2025-10-31T13:46:45-07:00,0,0
projects\projects.js,92,js,62f5c8dd,cmlpk,2025-10-31,13:46:45,-07:00,2025-10-31T13:46:45-07:00,0,0
projects\projects.js,93,js,62f5c8dd,cmlpk,2025-10-31,13:46:45,-07:00,2025-10-31T13:46:45-07:00,0,25
projects\projects.js,94,js,62f5c8dd,cmlpk,2025-10-31,13:46:45,-07:00,2025-10-31T13:46:45-07:00,0,23
projects\projects.js,95,js,62f5c8dd,cmlpk,2025-10-31,13:46:45,-07:00,2025-10-31T13:46:45-07:00,0,0
projects\projects.js,96,js,62f5c8dd,cmlpk,2025-10-31,13:46:45,-07:00,2025-10-31T13:46:45-07:00,0,21
projects\projects.js,97,js,62f5c8dd,cmlpk,2025-10-31,13:46:45,-07:00,2025-10-31T13:46:45-07:00,0,13
projects\projects.js,98,js,62f5c8dd,cmlpk,2025-10-31,13:46:45,-07:00,2025-10-31T13:46:45-07:00,0,53
projects\projects.js,99,js,62f5c8dd,cmlpk,2025-10-31,13:46:45,-07:00,2025-10-31T13:46:45-07:00,0,0
projects\projects.js,100,js,62f5c8dd,cmlpk,2025-10-31,13:46:45,-07:00,2025-10-31T13:46:45-07:00,0,48
projects\projects.js,101,js,62f5c8dd,cmlpk,2025-10-31,13:46:45,-07:00,2025-10-31T13:46:45-07:00,1,19
projects\projects.js,102,js,62f5c8dd,cmlpk,2025-10-31,13:46:45,-07:00,2025-10-31T13:46:45-07:00,1,25
projects\projects.js,103,js,62f5c8dd,cmlpk,2025-10-31,13:46:45,-07:00,2025-10-31T13:46:45-07:00,1,0
projects\projects.js,104,js,62f5c8dd,cmlpk,2025-10-31,13:46:45,-07:00,2025-10-31T13:46:45-07:00,1,31
projects\projects.js,105,js,62f5c8dd,cmlpk,2025-10-31,13:46:45,-07:00,2025-10-31T13:46:45-07:00,1,17
projects\projects.js,106,js,62f5c8dd,cmlpk,2025-10-31,13:46:45,-07:00,2025-10-31T13:46:45-07:00,1,0
projects\projects.js,107,js,62f5c8dd,cmlpk,2025-10-31,13:46:45,-07:00,2025-10-31T13:46:45-07:00,1,16
projects\projects.js,108,js,62f5c8dd,cmlpk,2025-10-31,13:46:45,-07:00,2025-10-31T13:46:45-07:00,1,51
projects\projects.js,109,js,62f5c8dd,cmlpk,2025-10-31,13:46:45,-07:00,2025-10-31T13:46:45-07:00,2,59
projects\projects.js,110,js,62f5c8dd,cmlpk,2025-10-31,13:46:45,-07:00,2025-10-31T13:46:45-07:00,2,42
projects\projects.js,111,js,62f5c8dd,cmlpk,2025-10-31,13:46:45,-07:00,2025-10-31T13:46:45-07:00,1,1
projects\projects.js,112,js,62f5c8dd,cmlpk,2025-10-31,13:46:45,-07:00,2025-10-31T13:46:45-07:00,1,0
projects\projects.js,113,js,62f5c8dd,cmlpk,2025-10-31,13:46:45,-07:00,2025-10-31T13:46:45-07:00,1,25
projects\projects.js,114,js,62f5c8dd,cmlpk,2025-10-31,13:46:45,-07:00,2025-10-31T13:46:45-07:00,1,56
projects\projects.js,115,js,62f5c8dd,cmlpk,2025-10-31,13:46:45,-07:00,2025-10-31T13:46:45-07:00,1,0
projects\projects.js,116,js,62f5c8dd,cmlpk,2025-10-31,13:46:45,-07:00,2025-10-31T13:46:45-07:00,1,40
projects\projects.js,117,js,62f5c8dd,cmlpk,2025-10-31,13:46:45,-07:00,2025-10-31T13:46:45-07:00,1,31
projects\projects.js,118,js,62f5c8dd,cmlpk,2025-10-31,13:46:45,-07:00,2025-10-31T13:46:45-07:00,0,1
projects\index.html,1,html,6e932308,cmlpk,2025-10-17,11:49:41,-07:00,2025-10-17T11:49:41-07:00,0,13
projects\index.html,2,html,aceddc2f,cmlpk,2025-09-29,20:59:06,-07:00,2025-09-29T20:59:06-07:00,0,14
projects\index.html,3,html,aceddc2f,cmlpk,2025-09-29,20:59:06,-07:00,2025-09-29T20:59:06-07:00,0,4
projects\index.html,4,html,aceddc2f,cmlpk,2025-09-29,20:59:06,-07:00,2025-09-29T20:59:06-07:00,1,20
projects\index.html,5,html,aceddc2f,cmlpk,2025-09-29,20:59:06,-07:00,2025-09-29T20:59:06-07:00,1,68
projects\index.html,6,html,aceddc2f,cmlpk,2025-09-29,20:59:06,-07:00,2025-09-29T20:59:06-07:00,1,21
projects\index.html,7,html,aceddc2f,cmlpk,2025-09-29,20:59:06,-07:00,2025-09-29T20:59:06-07:00,1,41
projects\index.html,8,html,d88c9b89,cmlpk,2025-10-17,11:36:45,-07:00,2025-10-17T11:36:45-07:00,1,48
projects\index.html,9,html,39604f83,cmlpk,2025-10-20,16:40:02,-07:00,2025-10-20T16:40:02-07:00,1,47
projects\index.html,10,html,aceddc2f,cmlpk,2025-09-29,20:59:06,-07:00,2025-09-29T20:59:06-07:00,0,5
projects\index.html,11,html,aceddc2f,cmlpk,2025-09-29,20:59:06,-07:00,2025-09-29T20:59:06-07:00,0,4
projects\index.html,12,html,39604f83,cmlpk,2025-10-20,16:40:02,-07:00,2025-10-20T16:40:02-07:00,1,38
projects\index.html,13,html,62f5c8dd,cmlpk,2025-10-31,13:46:45,-07:00,2025-10-31T13:46:45-07:00,1,0
projects\index.html,14,html,62f5c8dd,cmlpk,2025-10-31,13:46:45,-07:00,2025-10-31T13:46:45-07:00,1,102
projects\index.html,15,html,62f5c8dd,cmlpk,2025-10-31,13:46:45,-07:00,2025-10-31T13:46:45-07:00,1,0
projects\index.html,16,html,62f5c8dd,cmlpk,2025-10-31,13:46:45,-07:00,2025-10-31T13:46:45-07:00,1,21
projects\index.html,17,html,62f5c8dd,cmlpk,2025-10-31,13:46:45,-07:00,2025-10-31T13:46:45-07:00,2,58
projects\index.html,18,html,62f5c8dd,cmlpk,2025-10-31,13:46:45,-07:00,2025-10-31T13:46:45-07:00,2,22
projects\index.html,19,html,c3d0a681,cmlpk,2025-10-08,19:49:08,-07:00,2025-10-08T19:49:08-07:00,1,4
projects\index.html,20,html,62f5c8dd,cmlpk,2025-10-31,13:46:45,-07:00,2025-10-31T13:46:45-07:00,1,0
projects\index.html,21,html,62f5c8dd,cmlpk,2025-10-31,13:46:45,-07:00,2025-10-31T13:46:45-07:00,1,26
projects\index.html,22,html,aceddc2f,cmlpk,2025-09-29,20:59:06,-07:00,2025-09-29T20:59:06-07:00,0,5
projects\index.html,23,html,39604f83,cmlpk,2025-10-20,16:40:02,-07:00,2025-10-20T16:40:02-07:00,0,5
projects\project2\index.html,1,html,6c3d971f,cmlpk,2025-10-22,16:37:10,-07:00,2025-10-22T16:37:10-07:00,0,13
projects\project2\index.html,2,html,6c3d971f,cmlpk,2025-10-22,16:37:10,-07:00,2025-10-22T16:37:10-07:00,0,14
projects\project2\index.html,3,html,6c3d971f,cmlpk,2025-10-22,16:37:10,-07:00,2025-10-22T16:37:10-07:00,0,4
projects\project2\index.html,4,html,6c3d971f,cmlpk,2025-10-22,16:37:10,-07:00,2025-10-22T16:37:10-07:00,1,20
projects\project2\index.html,5,html,6c3d971f,cmlpk,2025-10-22,16:37:10,-07:00,2025-10-22T16:37:10-07:00,1,68
projects\project2\index.html,6,html,6c3d971f,cmlpk,2025-10-22,16:37:10,-07:00,2025-10-22T16:37:10-07:00,1,48
projects\project2\index.html,7,html,6c3d971f,cmlpk,2025-10-22,16:37:10,-07:00,2025-10-22T16:37:10-07:00,1,44
projects\project2\index.html,8,html,6c3d971f,cmlpk,2025-10-22,16:37:10,-07:00,2025-10-22T16:37:10-07:00,1,51
projects\project2\index.html,9,html,fc99fd3b,cmlpk,2025-10-22,16:53:51,-07:00,2025-10-22T16:53:51-07:00,1,5
projects\project2\index.html,10,html,fc99fd3b,cmlpk,2025-10-22,16:53:51,-07:00,2025-10-22T16:53:51-07:00,2,11
projects\project2\index.html,11,html,fc99fd3b,cmlpk,2025-10-22,16:53:51,-07:00,2025-10-22T16:53:51-07:00,3,15
projects\project2\index.html,12,html,fc99fd3b,cmlpk,2025-10-22,16:53:51,-07:00,2025-10-22T16:53:51-07:00,3,10
projects\project2\index.html,13,html,fc99fd3b,cmlpk,2025-10-22,16:53:51,-07:00,2025-10-22T16:53:51-07:00,3,18
projects\project2\index.html,14,html,fc99fd3b,cmlpk,2025-10-22,16:53:51,-07:00,2025-10-22T16:53:51-07:00,2,0
projects\project2\index.html,15,html,fc99fd3b,cmlpk,2025-10-22,16:53:51,-07:00,2025-10-22T16:53:51-07:00,1,6
projects\project2\index.html,16,html,6c3d971f,cmlpk,2025-10-22,16:37:10,-07:00,2025-10-22T16:37:10-07:00,0,5
projects\project2\index.html,17,html,6c3d971f,cmlpk,2025-10-22,16:37:10,-07:00,2025-10-22T16:37:10-07:00,0,4
projects\project2\index.html,18,html,6c3d971f,cmlpk,2025-10-22,16:37:10,-07:00,2025-10-22T16:37:10-07:00,1,56
projects\project2\index.html,19,html,6c3d971f,cmlpk,2025-10-22,16:37:10,-07:00,2025-10-22T16:37:10-07:00,1,0
projects\project2\index.html,20,html,6c3d971f,cmlpk,2025-10-22,16:37:10,-07:00,2025-10-22T16:37:10-07:00,1,7
projects\project2\index.html,21,html,6c3d971f,cmlpk,2025-10-22,16:37:10,-07:00,2025-10-22T16:37:10-07:00,2,18
projects\project2\index.html,22,html,6c3d971f,cmlpk,2025-10-22,16:37:10,-07:00,2025-10-22T16:37:10-07:00,2,104
projects\project2\index.html,23,html,6c3d971f,cmlpk,2025-10-22,16:37:10,-07:00,2025-10-22T16:37:10-07:00,1,8
projects\project2\index.html,24,html,6c3d971f,cmlpk,2025-10-22,16:37:10,-07:00,2025-10-22T16:37:10-07:00,0,0
projects\project2\index.html,25,html,6c3d971f,cmlpk,2025-10-22,16:37:10,-07:00,2025-10-22T16:37:10-07:00,1,7
projects\project2\index.html,26,html,6c3d971f,cmlpk,2025-10-22,16:37:10,-07:00,2025-10-22T16:37:10-07:00,2,26
projects\project2\index.html,27,html,6c3d971f,cmlpk,2025-10-22,16:37:10,-07:00,2025-10-22T16:37:10-07:00,2,79
projects\project2\index.html,28,html,6c3d971f,cmlpk,2025-10-22,16:37:10,-07:00,2025-10-22T16:37:10-07:00,2,92
projects\project2\index.html,29,html,6c3d971f,cmlpk,2025-10-22,16:37:10,-07:00,2025-10-22T16:37:10-07:00,2,0
projects\project2\index.html,30,html,6c3d971f,cmlpk,2025-10-22,16:37:10,-07:00,2025-10-22T16:37:10-07:00,2,38
projects\project2\index.html,31,html,6c3d971f,cmlpk,2025-10-22,16:37:10,-07:00,2025-10-22T16:37:10-07:00,2,2
projects\project2\index.html,32,html,73444885,cmlpk,2025-10-22,16:48:49,-07:00,2025-10-22T16:48:49-07:00,3,406
projects\project2\index.html,33,html,6c3d971f,cmlpk,2025-10-22,16:37:10,-07:00,2025-10-22T16:37:10-07:00,3,0
projects\project2\index.html,34,html,73444885,cmlpk,2025-10-22,16:48:49,-07:00,2025-10-22T16:48:49-07:00,3,320
projects\project2\index.html,35,html,6c3d971f,cmlpk,2025-10-22,16:37:10,-07:00,2025-10-22T16:37:10-07:00,3,0
projects\project2\index.html,36,html,73444885,cmlpk,2025-10-22,16:48:49,-07:00,2025-10-22T16:48:49-07:00,3,273
projects\project2\index.html,37,html,6c3d971f,cmlpk,2025-10-22,16:37:10,-07:00,2025-10-22T16:37:10-07:00,2,3
projects\project2\index.html,38,html,6c3d971f,cmlpk,2025-10-22,16:37:10,-07:00,2025-10-22T16:37:10-07:00,1,8
projects\project2\index.html,39,html,6c3d971f,cmlpk,2025-10-22,16:37:10,-07:00,2025-10-22T16:37:10-07:00,0,0
projects\project2\index.html,40,html,6c3d971f,cmlpk,2025-10-22,16:37:10,-07:00,2025-10-22T16:37:10-07:00,1,7
projects\project2\index.html,41,html,6c3d971f,cmlpk,2025-10-22,16:37:10,-07:00,2025-10-22T16:37:10-07:00,2,30
projects\project2\index.html,42,html,6c3d971f,cmlpk,2025-10-22,16:37:10,-07:00,2025-10-22T16:37:10-07:00,2,83
projects\project2\index.html,43,html,6c3d971f,cmlpk,2025-10-22,16:37:10,-07:00,2025-10-22T16:37:10-07:00,2,106
projects\project2\index.html,44,html,6c3d971f,cmlpk,2025-10-22,16:37:10,-07:00,2025-10-22T16:37:10-07:00,2,0
projects\project2\index.html,45,html,6c3d971f,cmlpk,2025-10-22,16:37:10,-07:00,2025-10-22T16:37:10-07:00,2,38
projects\project2\index.html,46,html,6c3d971f,cmlpk,2025-10-22,16:37:10,-07:00,2025-10-22T16:37:10-07:00,2,2
projects\project2\index.html,47,html,6c3d971f,cmlpk,2025-10-22,16:37:10,-07:00,2025-10-22T16:37:10-07:00,3,410
projects\project2\index.html,48,html,6c3d971f,cmlpk,2025-10-22,16:37:10,-07:00,2025-10-22T16:37:10-07:00,3,0
projects\project2\index.html,49,html,6c3d971f,cmlpk,2025-10-22,16:37:10,-07:00,2025-10-22T16:37:10-07:00,3,410
projects\project2\index.html,50,html,6c3d971f,cmlpk,2025-10-22,16:37:10,-07:00,2025-10-22T16:37:10-07:00,3,0
projects\project2\index.html,51,html,6c3d971f,cmlpk,2025-10-22,16:37:10,-07:00,2025-10-22T16:37:10-07:00,3,366
projects\project2\index.html,52,html,6c3d971f,cmlpk,2025-10-22,16:37:10,-07:00,2025-10-22T16:37:10-07:00,2,3
projects\project2\index.html,53,html,6c3d971f,cmlpk,2025-10-22,16:37:10,-07:00,2025-10-22T16:37:10-07:00,1,8
projects\project2\index.html,54,html,6c3d971f,cmlpk,2025-10-22,16:37:10,-07:00,2025-10-22T16:37:10-07:00,0,0
projects\project2\index.html,55,html,6c3d971f,cmlpk,2025-10-22,16:37:10,-07:00,2025-10-22T16:37:10-07:00,1,7
projects\project2\index.html,56,html,6c3d971f,cmlpk,2025-10-22,16:37:10,-07:00,2025-10-22T16:37:10-07:00,2,23
projects\project2\index.html,57,html,6c3d971f,cmlpk,2025-10-22,16:37:10,-07:00,2025-10-22T16:37:10-07:00,2,0
projects\project2\index.html,58,html,272ec5da,cmlpk,2025-10-24,16:09:33,-07:00,2025-10-24T16:09:33-07:00,2,360
projects\project2\index.html,59,html,6c3d971f,cmlpk,2025-10-22,16:37:10,-07:00,2025-10-22T16:37:10-07:00,2,0
projects\project2\index.html,60,html,272ec5da,cmlpk,2025-10-24,16:09:33,-07:00,2025-10-24T16:09:33-07:00,2,205
projects\project2\index.html,61,html,6c3d971f,cmlpk,2025-10-22,16:37:10,-07:00,2025-10-22T16:37:10-07:00,2,0
projects\project2\index.html,62,html,272ec5da,cmlpk,2025-10-24,16:09:33,-07:00,2025-10-24T16:09:33-07:00,2,320
projects\project2\index.html,63,html,6c3d971f,cmlpk,2025-10-22,16:37:10,-07:00,2025-10-22T16:37:10-07:00,1,8
projects\project2\index.html,64,html,6c3d971f,cmlpk,2025-10-22,16:37:10,-07:00,2025-10-22T16:37:10-07:00,0,5
projects\project2\index.html,65,html,6c3d971f,cmlpk,2025-10-22,16:37:10,-07:00,2025-10-22T16:37:10-07:00,0,5
contact\index.html,1,html,6e932308,cmlpk,2025-10-17,11:49:41,-07:00,2025-10-17T11:49:41-07:00,0,13
contact\index.html,2,html,6e932308,cmlpk,2025-10-17,11:49:41,-07:00,2025-10-17T11:49:41-07:00,0,14
contact\index.html,3,html,aceddc2f,cmlpk,2025-09-29,20:59:06,-07:00,2025-09-29T20:59:06-07:00,0,4
contact\index.html,4,html,aceddc2f,cmlpk,2025-09-29,20:59:06,-07:00,2025-09-29T20:59:06-07:00,1,20
contact\index.html,5,html,aceddc2f,cmlpk,2025-09-29,20:59:06,-07:00,2025-09-29T20:59:06-07:00,1,68
contact\index.html,6,html,aceddc2f,cmlpk,2025-09-29,20:59:06,-07:00,2025-09-29T20:59:06-07:00,1,20
contact\index.html,7,html,aceddc2f,cmlpk,2025-09-29,20:59:06,-07:00,2025-09-29T20:59:06-07:00,1,41
contact\index.html,8,html,d88c9b89,cmlpk,2025-10-17,11:36:45,-07:00,2025-10-17T11:36:45-07:00,1,48
contact\index.html,9,html,aceddc2f,cmlpk,2025-09-29,20:59:06,-07:00,2025-09-29T20:59:06-07:00,0,5
contact\index.html,10,html,aceddc2f,cmlpk,2025-09-29,20:59:06,-07:00,2025-09-29T20:59:06-07:00,0,4
contact\index.html,11,html,aceddc2f,cmlpk,2025-09-29,20:59:06,-07:00,2025-09-29T20:59:06-07:00,1,14
contact\index.html,12,html,aceddc2f,cmlpk,2025-09-29,20:59:06,-07:00,2025-09-29T20:59:06-07:00,0,0
contact\index.html,13,html,6e932308,cmlpk,2025-10-17,11:49:41,-07:00,2025-10-17T11:49:41-07:00,1,49
contact\index.html,14,html,6e932308,cmlpk,2025-10-17,11:49:41,-07:00,2025-10-17T11:49:41-07:00,2,5
contact\index.html,15,html,6e932308,cmlpk,2025-10-17,11:49:41,-07:00,2025-10-17T11:49:41-07:00,3,6
contact\index.html,16,html,6e932308,cmlpk,2025-10-17,11:49:41,-07:00,2025-10-17T11:49:41-07:00,3,37
contact\index.html,17,html,6e932308,cmlpk,2025-10-17,11:49:41,-07:00,2025-10-17T11:49:41-07:00,2,6
contact\index.html,18,html,6e932308,cmlpk,2025-10-17,11:49:41,-07:00,2025-10-17T11:49:41-07:00,2,5
contact\index.html,19,html,6e932308,cmlpk,2025-10-17,11:49:41,-07:00,2025-10-17T11:49:41-07:00,3,6
contact\index.html,20,html,6e932308,cmlpk,2025-10-17,11:49:41,-07:00,2025-10-17T11:49:41-07:00,3,52
contact\index.html,21,html,6e932308,cmlpk,2025-10-17,11:49:41,-07:00,2025-10-17T11:49:41-07:00,2,6
contact\index.html,22,html,6e932308,cmlpk,2025-10-17,11:49:41,-07:00,2025-10-17T11:49:41-07:00,2,33
contact\index.html,23,html,6e932308,cmlpk,2025-10-17,11:49:41,-07:00,2025-10-17T11:49:41-07:00,1,5
contact\index.html,24,html,6e932308,cmlpk,2025-10-17,11:49:41,-07:00,2025-10-17T11:49:41-07:00,0,5
contact\index.html,25,html,6e932308,cmlpk,2025-10-17,11:49:41,-07:00,2025-10-17T11:49:41-07:00,0,5
